[0.219s] DEBUG:colcon:Command line arguments: ['/usr/bin/colcon', 'build', '--symlink-install']
[0.219s] DEBUG:colcon:Parsed command line arguments: Namespace(allow_overriding=[], ament_cmake_args=None, base_paths=['.'], build_base='build', catkin_cmake_args=None, catkin_skip_building_tests=False, cmake_args=None, cmake_clean_cache=False, cmake_clean_first=False, cmake_force_configure=False, cmake_target=None, cmake_target_skip_unavailable=False, continue_on_error=False, event_handlers=None, executor='parallel', ignore_user_meta=False, install_base='install', log_base=None, log_level=None, main=<bound method BuildVerb.main of <colcon_core.verb.build.BuildVerb object at 0x7f20d2dca4f0>>, merge_install=False, metas=['./colcon.meta'], mixin=None, mixin_files=None, mixin_verb=('build',), packages_above=None, packages_above_and_dependencies=None, packages_above_depth=None, packages_end=None, packages_ignore=None, packages_ignore_regex=None, packages_select=None, packages_select_build_failed=False, packages_select_by_dep=None, packages_select_regex=None, packages_select_test_failures=False, packages_skip=None, packages_skip_build_finished=False, packages_skip_by_dep=None, packages_skip_regex=None, packages_skip_test_passed=False, packages_skip_up_to=None, packages_start=None, packages_up_to=None, packages_up_to_regex=None, parallel_workers=12, paths=None, symlink_install=True, test_result_base=None, verb_extension=<colcon_core.verb.build.BuildVerb object at 0x7f20d2dca4f0>, verb_name='build', verb_parser=<colcon_mixin.mixin.mixin_argument.MixinArgumentDecorator object at 0x7f20d2d226a0>)
[0.376s] Level 1:colcon.colcon_core.package_discovery:discover_packages(colcon_meta) check parameters
[0.376s] Level 1:colcon.colcon_core.package_discovery:discover_packages(recursive) check parameters
[0.376s] Level 1:colcon.colcon_core.package_discovery:discover_packages(ignore) check parameters
[0.376s] Level 1:colcon.colcon_core.package_discovery:discover_packages(path) check parameters
[0.376s] Level 1:colcon.colcon_core.package_discovery:discover_packages(colcon_meta) discover
[0.376s] Level 1:colcon.colcon_core.package_discovery:discover_packages(recursive) discover
[0.376s] INFO:colcon.colcon_core.package_discovery:Crawling recursively for packages in '/home/rastic-smartcity/ros2_ws'
[0.376s] Level 1:colcon.colcon_core.package_identification:_identify(.) by extensions ['ignore', 'ignore_ament_install']
[0.376s] Level 1:colcon.colcon_core.package_identification:_identify(.) by extension 'ignore'
[0.376s] Level 1:colcon.colcon_core.package_identification:_identify(.) by extension 'ignore_ament_install'
[0.376s] Level 1:colcon.colcon_core.package_identification:_identify(.) by extensions ['colcon_pkg']
[0.376s] Level 1:colcon.colcon_core.package_identification:_identify(.) by extension 'colcon_pkg'
[0.376s] Level 1:colcon.colcon_core.package_identification:_identify(.) by extensions ['colcon_meta']
[0.376s] Level 1:colcon.colcon_core.package_identification:_identify(.) by extension 'colcon_meta'
[0.376s] Level 1:colcon.colcon_core.package_identification:_identify(.) by extensions ['ros']
[0.377s] Level 1:colcon.colcon_core.package_identification:_identify(.) by extension 'ros'
[0.389s] Level 1:colcon.colcon_core.package_identification:_identify(.) by extensions ['cmake', 'python']
[0.389s] Level 1:colcon.colcon_core.package_identification:_identify(.) by extension 'cmake'
[0.389s] Level 1:colcon.colcon_core.package_identification:_identify(.) by extension 'python'
[0.389s] Level 1:colcon.colcon_core.package_identification:_identify(.) by extensions ['python_setup_py']
[0.389s] Level 1:colcon.colcon_core.package_identification:_identify(.) by extension 'python_setup_py'
[0.390s] Level 1:colcon.colcon_core.package_identification:_identify(build) by extensions ['ignore', 'ignore_ament_install']
[0.390s] Level 1:colcon.colcon_core.package_identification:_identify(build) by extension 'ignore'
[0.390s] Level 1:colcon.colcon_core.package_identification:_identify(build) ignored
[0.390s] Level 1:colcon.colcon_core.package_identification:_identify(install) by extensions ['ignore', 'ignore_ament_install']
[0.390s] Level 1:colcon.colcon_core.package_identification:_identify(install) by extension 'ignore'
[0.390s] Level 1:colcon.colcon_core.package_identification:_identify(install) ignored
[0.390s] Level 1:colcon.colcon_core.package_identification:_identify(log) by extensions ['ignore', 'ignore_ament_install']
[0.390s] Level 1:colcon.colcon_core.package_identification:_identify(log) by extension 'ignore'
[0.390s] Level 1:colcon.colcon_core.package_identification:_identify(log) ignored
[0.390s] Level 1:colcon.colcon_core.package_identification:_identify(src) by extensions ['ignore', 'ignore_ament_install']
[0.390s] Level 1:colcon.colcon_core.package_identification:_identify(src) by extension 'ignore'
[0.390s] Level 1:colcon.colcon_core.package_identification:_identify(src) by extension 'ignore_ament_install'
[0.391s] Level 1:colcon.colcon_core.package_identification:_identify(src) by extensions ['colcon_pkg']
[0.391s] Level 1:colcon.colcon_core.package_identification:_identify(src) by extension 'colcon_pkg'
[0.391s] Level 1:colcon.colcon_core.package_identification:_identify(src) by extensions ['colcon_meta']
[0.391s] Level 1:colcon.colcon_core.package_identification:_identify(src) by extension 'colcon_meta'
[0.391s] Level 1:colcon.colcon_core.package_identification:_identify(src) by extensions ['ros']
[0.391s] Level 1:colcon.colcon_core.package_identification:_identify(src) by extension 'ros'
[0.391s] Level 1:colcon.colcon_core.package_identification:_identify(src) by extensions ['cmake', 'python']
[0.391s] Level 1:colcon.colcon_core.package_identification:_identify(src) by extension 'cmake'
[0.391s] Level 1:colcon.colcon_core.package_identification:_identify(src) by extension 'python'
[0.391s] Level 1:colcon.colcon_core.package_identification:_identify(src) by extensions ['python_setup_py']
[0.391s] Level 1:colcon.colcon_core.package_identification:_identify(src) by extension 'python_setup_py'
[0.391s] Level 1:colcon.colcon_core.package_identification:_identify(src/build) by extensions ['ignore', 'ignore_ament_install']
[0.391s] Level 1:colcon.colcon_core.package_identification:_identify(src/build) by extension 'ignore'
[0.391s] Level 1:colcon.colcon_core.package_identification:_identify(src/build) ignored
[0.391s] Level 1:colcon.colcon_core.package_identification:_identify(src/examples) by extensions ['ignore', 'ignore_ament_install']
[0.391s] Level 1:colcon.colcon_core.package_identification:_identify(src/examples) by extension 'ignore'
[0.391s] Level 1:colcon.colcon_core.package_identification:_identify(src/examples) by extension 'ignore_ament_install'
[0.391s] Level 1:colcon.colcon_core.package_identification:_identify(src/examples) by extensions ['colcon_pkg']
[0.391s] Level 1:colcon.colcon_core.package_identification:_identify(src/examples) by extension 'colcon_pkg'
[0.391s] Level 1:colcon.colcon_core.package_identification:_identify(src/examples) by extensions ['colcon_meta']
[0.391s] Level 1:colcon.colcon_core.package_identification:_identify(src/examples) by extension 'colcon_meta'
[0.391s] Level 1:colcon.colcon_core.package_identification:_identify(src/examples) by extensions ['ros']
[0.392s] Level 1:colcon.colcon_core.package_identification:_identify(src/examples) by extension 'ros'
[0.392s] Level 1:colcon.colcon_core.package_identification:_identify(src/examples) by extensions ['cmake', 'python']
[0.392s] Level 1:colcon.colcon_core.package_identification:_identify(src/examples) by extension 'cmake'
[0.392s] Level 1:colcon.colcon_core.package_identification:_identify(src/examples) by extension 'python'
[0.392s] Level 1:colcon.colcon_core.package_identification:_identify(src/examples) by extensions ['python_setup_py']
[0.392s] Level 1:colcon.colcon_core.package_identification:_identify(src/examples) by extension 'python_setup_py'
[0.392s] Level 1:colcon.colcon_core.package_identification:_identify(src/examples/rclcpp) by extensions ['ignore', 'ignore_ament_install']
[0.392s] Level 1:colcon.colcon_core.package_identification:_identify(src/examples/rclcpp) by extension 'ignore'
[0.392s] Level 1:colcon.colcon_core.package_identification:_identify(src/examples/rclcpp) by extension 'ignore_ament_install'
[0.392s] Level 1:colcon.colcon_core.package_identification:_identify(src/examples/rclcpp) by extensions ['colcon_pkg']
[0.392s] Level 1:colcon.colcon_core.package_identification:_identify(src/examples/rclcpp) by extension 'colcon_pkg'
[0.392s] Level 1:colcon.colcon_core.package_identification:_identify(src/examples/rclcpp) by extensions ['colcon_meta']
[0.392s] Level 1:colcon.colcon_core.package_identification:_identify(src/examples/rclcpp) by extension 'colcon_meta'
[0.392s] Level 1:colcon.colcon_core.package_identification:_identify(src/examples/rclcpp) by extensions ['ros']
[0.392s] Level 1:colcon.colcon_core.package_identification:_identify(src/examples/rclcpp) by extension 'ros'
[0.392s] Level 1:colcon.colcon_core.package_identification:_identify(src/examples/rclcpp) by extensions ['cmake', 'python']
[0.392s] Level 1:colcon.colcon_core.package_identification:_identify(src/examples/rclcpp) by extension 'cmake'
[0.392s] Level 1:colcon.colcon_core.package_identification:_identify(src/examples/rclcpp) by extension 'python'
[0.392s] Level 1:colcon.colcon_core.package_identification:_identify(src/examples/rclcpp) by extensions ['python_setup_py']
[0.392s] Level 1:colcon.colcon_core.package_identification:_identify(src/examples/rclcpp) by extension 'python_setup_py'
[0.392s] Level 1:colcon.colcon_core.package_identification:_identify(src/examples/rclcpp/actions) by extensions ['ignore', 'ignore_ament_install']
[0.393s] Level 1:colcon.colcon_core.package_identification:_identify(src/examples/rclcpp/actions) by extension 'ignore'
[0.393s] Level 1:colcon.colcon_core.package_identification:_identify(src/examples/rclcpp/actions) by extension 'ignore_ament_install'
[0.393s] Level 1:colcon.colcon_core.package_identification:_identify(src/examples/rclcpp/actions) by extensions ['colcon_pkg']
[0.393s] Level 1:colcon.colcon_core.package_identification:_identify(src/examples/rclcpp/actions) by extension 'colcon_pkg'
[0.393s] Level 1:colcon.colcon_core.package_identification:_identify(src/examples/rclcpp/actions) by extensions ['colcon_meta']
[0.393s] Level 1:colcon.colcon_core.package_identification:_identify(src/examples/rclcpp/actions) by extension 'colcon_meta'
[0.393s] Level 1:colcon.colcon_core.package_identification:_identify(src/examples/rclcpp/actions) by extensions ['ros']
[0.393s] Level 1:colcon.colcon_core.package_identification:_identify(src/examples/rclcpp/actions) by extension 'ros'
[0.393s] Level 1:colcon.colcon_core.package_identification:_identify(src/examples/rclcpp/actions) by extensions ['cmake', 'python']
[0.393s] Level 1:colcon.colcon_core.package_identification:_identify(src/examples/rclcpp/actions) by extension 'cmake'
[0.393s] Level 1:colcon.colcon_core.package_identification:_identify(src/examples/rclcpp/actions) by extension 'python'
[0.393s] Level 1:colcon.colcon_core.package_identification:_identify(src/examples/rclcpp/actions) by extensions ['python_setup_py']
[0.393s] Level 1:colcon.colcon_core.package_identification:_identify(src/examples/rclcpp/actions) by extension 'python_setup_py'
[0.393s] Level 1:colcon.colcon_core.package_identification:_identify(src/examples/rclcpp/actions/minimal_action_client) by extensions ['ignore', 'ignore_ament_install']
[0.393s] Level 1:colcon.colcon_core.package_identification:_identify(src/examples/rclcpp/actions/minimal_action_client) by extension 'ignore'
[0.393s] Level 1:colcon.colcon_core.package_identification:_identify(src/examples/rclcpp/actions/minimal_action_client) by extension 'ignore_ament_install'
[0.393s] Level 1:colcon.colcon_core.package_identification:_identify(src/examples/rclcpp/actions/minimal_action_client) by extensions ['colcon_pkg']
[0.393s] Level 1:colcon.colcon_core.package_identification:_identify(src/examples/rclcpp/actions/minimal_action_client) by extension 'colcon_pkg'
[0.393s] Level 1:colcon.colcon_core.package_identification:_identify(src/examples/rclcpp/actions/minimal_action_client) by extensions ['colcon_meta']
[0.393s] Level 1:colcon.colcon_core.package_identification:_identify(src/examples/rclcpp/actions/minimal_action_client) by extension 'colcon_meta'
[0.393s] Level 1:colcon.colcon_core.package_identification:_identify(src/examples/rclcpp/actions/minimal_action_client) by extensions ['ros']
[0.393s] Level 1:colcon.colcon_core.package_identification:_identify(src/examples/rclcpp/actions/minimal_action_client) by extension 'ros'
[0.397s] DEBUG:colcon.colcon_core.package_identification:Package 'src/examples/rclcpp/actions/minimal_action_client' with type 'ros.ament_cmake' and name 'examples_rclcpp_minimal_action_client'
[0.397s] Level 1:colcon.colcon_core.package_identification:_identify(src/examples/rclcpp/actions/minimal_action_server) by extensions ['ignore', 'ignore_ament_install']
[0.397s] Level 1:colcon.colcon_core.package_identification:_identify(src/examples/rclcpp/actions/minimal_action_server) by extension 'ignore'
[0.397s] Level 1:colcon.colcon_core.package_identification:_identify(src/examples/rclcpp/actions/minimal_action_server) by extension 'ignore_ament_install'
[0.397s] Level 1:colcon.colcon_core.package_identification:_identify(src/examples/rclcpp/actions/minimal_action_server) by extensions ['colcon_pkg']
[0.397s] Level 1:colcon.colcon_core.package_identification:_identify(src/examples/rclcpp/actions/minimal_action_server) by extension 'colcon_pkg'
[0.397s] Level 1:colcon.colcon_core.package_identification:_identify(src/examples/rclcpp/actions/minimal_action_server) by extensions ['colcon_meta']
[0.397s] Level 1:colcon.colcon_core.package_identification:_identify(src/examples/rclcpp/actions/minimal_action_server) by extension 'colcon_meta'
[0.397s] Level 1:colcon.colcon_core.package_identification:_identify(src/examples/rclcpp/actions/minimal_action_server) by extensions ['ros']
[0.397s] Level 1:colcon.colcon_core.package_identification:_identify(src/examples/rclcpp/actions/minimal_action_server) by extension 'ros'
[0.398s] DEBUG:colcon.colcon_core.package_identification:Package 'src/examples/rclcpp/actions/minimal_action_server' with type 'ros.ament_cmake' and name 'examples_rclcpp_minimal_action_server'
[0.398s] Level 1:colcon.colcon_core.package_identification:_identify(src/examples/rclcpp/composition) by extensions ['ignore', 'ignore_ament_install']
[0.398s] Level 1:colcon.colcon_core.package_identification:_identify(src/examples/rclcpp/composition) by extension 'ignore'
[0.398s] Level 1:colcon.colcon_core.package_identification:_identify(src/examples/rclcpp/composition) by extension 'ignore_ament_install'
[0.398s] Level 1:colcon.colcon_core.package_identification:_identify(src/examples/rclcpp/composition) by extensions ['colcon_pkg']
[0.398s] Level 1:colcon.colcon_core.package_identification:_identify(src/examples/rclcpp/composition) by extension 'colcon_pkg'
[0.398s] Level 1:colcon.colcon_core.package_identification:_identify(src/examples/rclcpp/composition) by extensions ['colcon_meta']
[0.398s] Level 1:colcon.colcon_core.package_identification:_identify(src/examples/rclcpp/composition) by extension 'colcon_meta'
[0.398s] Level 1:colcon.colcon_core.package_identification:_identify(src/examples/rclcpp/composition) by extensions ['ros']
[0.398s] Level 1:colcon.colcon_core.package_identification:_identify(src/examples/rclcpp/composition) by extension 'ros'
[0.398s] Level 1:colcon.colcon_core.package_identification:_identify(src/examples/rclcpp/composition) by extensions ['cmake', 'python']
[0.399s] Level 1:colcon.colcon_core.package_identification:_identify(src/examples/rclcpp/composition) by extension 'cmake'
[0.399s] Level 1:colcon.colcon_core.package_identification:_identify(src/examples/rclcpp/composition) by extension 'python'
[0.399s] Level 1:colcon.colcon_core.package_identification:_identify(src/examples/rclcpp/composition) by extensions ['python_setup_py']
[0.399s] Level 1:colcon.colcon_core.package_identification:_identify(src/examples/rclcpp/composition) by extension 'python_setup_py'
[0.399s] Level 1:colcon.colcon_core.package_identification:_identify(src/examples/rclcpp/composition/minimal_composition) by extensions ['ignore', 'ignore_ament_install']
[0.399s] Level 1:colcon.colcon_core.package_identification:_identify(src/examples/rclcpp/composition/minimal_composition) by extension 'ignore'
[0.399s] Level 1:colcon.colcon_core.package_identification:_identify(src/examples/rclcpp/composition/minimal_composition) by extension 'ignore_ament_install'
[0.399s] Level 1:colcon.colcon_core.package_identification:_identify(src/examples/rclcpp/composition/minimal_composition) by extensions ['colcon_pkg']
[0.399s] Level 1:colcon.colcon_core.package_identification:_identify(src/examples/rclcpp/composition/minimal_composition) by extension 'colcon_pkg'
[0.399s] Level 1:colcon.colcon_core.package_identification:_identify(src/examples/rclcpp/composition/minimal_composition) by extensions ['colcon_meta']
[0.399s] Level 1:colcon.colcon_core.package_identification:_identify(src/examples/rclcpp/composition/minimal_composition) by extension 'colcon_meta'
[0.399s] Level 1:colcon.colcon_core.package_identification:_identify(src/examples/rclcpp/composition/minimal_composition) by extensions ['ros']
[0.399s] Level 1:colcon.colcon_core.package_identification:_identify(src/examples/rclcpp/composition/minimal_composition) by extension 'ros'
[0.400s] DEBUG:colcon.colcon_core.package_identification:Package 'src/examples/rclcpp/composition/minimal_composition' with type 'ros.ament_cmake' and name 'examples_rclcpp_minimal_composition'
[0.400s] Level 1:colcon.colcon_core.package_identification:_identify(src/examples/rclcpp/executors) by extensions ['ignore', 'ignore_ament_install']
[0.400s] Level 1:colcon.colcon_core.package_identification:_identify(src/examples/rclcpp/executors) by extension 'ignore'
[0.400s] Level 1:colcon.colcon_core.package_identification:_identify(src/examples/rclcpp/executors) by extension 'ignore_ament_install'
[0.400s] Level 1:colcon.colcon_core.package_identification:_identify(src/examples/rclcpp/executors) by extensions ['colcon_pkg']
[0.400s] Level 1:colcon.colcon_core.package_identification:_identify(src/examples/rclcpp/executors) by extension 'colcon_pkg'
[0.400s] Level 1:colcon.colcon_core.package_identification:_identify(src/examples/rclcpp/executors) by extensions ['colcon_meta']
[0.400s] Level 1:colcon.colcon_core.package_identification:_identify(src/examples/rclcpp/executors) by extension 'colcon_meta'
[0.400s] Level 1:colcon.colcon_core.package_identification:_identify(src/examples/rclcpp/executors) by extensions ['ros']
[0.400s] Level 1:colcon.colcon_core.package_identification:_identify(src/examples/rclcpp/executors) by extension 'ros'
[0.400s] Level 1:colcon.colcon_core.package_identification:_identify(src/examples/rclcpp/executors) by extensions ['cmake', 'python']
[0.400s] Level 1:colcon.colcon_core.package_identification:_identify(src/examples/rclcpp/executors) by extension 'cmake'
[0.400s] Level 1:colcon.colcon_core.package_identification:_identify(src/examples/rclcpp/executors) by extension 'python'
[0.400s] Level 1:colcon.colcon_core.package_identification:_identify(src/examples/rclcpp/executors) by extensions ['python_setup_py']
[0.400s] Level 1:colcon.colcon_core.package_identification:_identify(src/examples/rclcpp/executors) by extension 'python_setup_py'
[0.401s] Level 1:colcon.colcon_core.package_identification:_identify(src/examples/rclcpp/executors/multithreaded_executor) by extensions ['ignore', 'ignore_ament_install']
[0.401s] Level 1:colcon.colcon_core.package_identification:_identify(src/examples/rclcpp/executors/multithreaded_executor) by extension 'ignore'
[0.401s] Level 1:colcon.colcon_core.package_identification:_identify(src/examples/rclcpp/executors/multithreaded_executor) by extension 'ignore_ament_install'
[0.401s] Level 1:colcon.colcon_core.package_identification:_identify(src/examples/rclcpp/executors/multithreaded_executor) by extensions ['colcon_pkg']
[0.401s] Level 1:colcon.colcon_core.package_identification:_identify(src/examples/rclcpp/executors/multithreaded_executor) by extension 'colcon_pkg'
[0.401s] Level 1:colcon.colcon_core.package_identification:_identify(src/examples/rclcpp/executors/multithreaded_executor) by extensions ['colcon_meta']
[0.401s] Level 1:colcon.colcon_core.package_identification:_identify(src/examples/rclcpp/executors/multithreaded_executor) by extension 'colcon_meta'
[0.401s] Level 1:colcon.colcon_core.package_identification:_identify(src/examples/rclcpp/executors/multithreaded_executor) by extensions ['ros']
[0.401s] Level 1:colcon.colcon_core.package_identification:_identify(src/examples/rclcpp/executors/multithreaded_executor) by extension 'ros'
[0.402s] DEBUG:colcon.colcon_core.package_identification:Package 'src/examples/rclcpp/executors/multithreaded_executor' with type 'ros.ament_cmake' and name 'examples_rclcpp_multithreaded_executor'
[0.402s] Level 1:colcon.colcon_core.package_identification:_identify(src/examples/rclcpp/services) by extensions ['ignore', 'ignore_ament_install']
[0.402s] Level 1:colcon.colcon_core.package_identification:_identify(src/examples/rclcpp/services) by extension 'ignore'
[0.402s] Level 1:colcon.colcon_core.package_identification:_identify(src/examples/rclcpp/services) by extension 'ignore_ament_install'
[0.402s] Level 1:colcon.colcon_core.package_identification:_identify(src/examples/rclcpp/services) by extensions ['colcon_pkg']
[0.402s] Level 1:colcon.colcon_core.package_identification:_identify(src/examples/rclcpp/services) by extension 'colcon_pkg'
[0.402s] Level 1:colcon.colcon_core.package_identification:_identify(src/examples/rclcpp/services) by extensions ['colcon_meta']
[0.402s] Level 1:colcon.colcon_core.package_identification:_identify(src/examples/rclcpp/services) by extension 'colcon_meta'
[0.402s] Level 1:colcon.colcon_core.package_identification:_identify(src/examples/rclcpp/services) by extensions ['ros']
[0.402s] Level 1:colcon.colcon_core.package_identification:_identify(src/examples/rclcpp/services) by extension 'ros'
[0.402s] Level 1:colcon.colcon_core.package_identification:_identify(src/examples/rclcpp/services) by extensions ['cmake', 'python']
[0.402s] Level 1:colcon.colcon_core.package_identification:_identify(src/examples/rclcpp/services) by extension 'cmake'
[0.402s] Level 1:colcon.colcon_core.package_identification:_identify(src/examples/rclcpp/services) by extension 'python'
[0.402s] Level 1:colcon.colcon_core.package_identification:_identify(src/examples/rclcpp/services) by extensions ['python_setup_py']
[0.402s] Level 1:colcon.colcon_core.package_identification:_identify(src/examples/rclcpp/services) by extension 'python_setup_py'
[0.402s] Level 1:colcon.colcon_core.package_identification:_identify(src/examples/rclcpp/services/minimal_client) by extensions ['ignore', 'ignore_ament_install']
[0.402s] Level 1:colcon.colcon_core.package_identification:_identify(src/examples/rclcpp/services/minimal_client) by extension 'ignore'
[0.402s] Level 1:colcon.colcon_core.package_identification:_identify(src/examples/rclcpp/services/minimal_client) by extension 'ignore_ament_install'
[0.403s] Level 1:colcon.colcon_core.package_identification:_identify(src/examples/rclcpp/services/minimal_client) by extensions ['colcon_pkg']
[0.403s] Level 1:colcon.colcon_core.package_identification:_identify(src/examples/rclcpp/services/minimal_client) by extension 'colcon_pkg'
[0.403s] Level 1:colcon.colcon_core.package_identification:_identify(src/examples/rclcpp/services/minimal_client) by extensions ['colcon_meta']
[0.403s] Level 1:colcon.colcon_core.package_identification:_identify(src/examples/rclcpp/services/minimal_client) by extension 'colcon_meta'
[0.403s] Level 1:colcon.colcon_core.package_identification:_identify(src/examples/rclcpp/services/minimal_client) by extensions ['ros']
[0.403s] Level 1:colcon.colcon_core.package_identification:_identify(src/examples/rclcpp/services/minimal_client) by extension 'ros'
[0.403s] DEBUG:colcon.colcon_core.package_identification:Package 'src/examples/rclcpp/services/minimal_client' with type 'ros.ament_cmake' and name 'examples_rclcpp_minimal_client'
[0.403s] Level 1:colcon.colcon_core.package_identification:_identify(src/examples/rclcpp/services/minimal_service) by extensions ['ignore', 'ignore_ament_install']
[0.404s] Level 1:colcon.colcon_core.package_identification:_identify(src/examples/rclcpp/services/minimal_service) by extension 'ignore'
[0.404s] Level 1:colcon.colcon_core.package_identification:_identify(src/examples/rclcpp/services/minimal_service) by extension 'ignore_ament_install'
[0.404s] Level 1:colcon.colcon_core.package_identification:_identify(src/examples/rclcpp/services/minimal_service) by extensions ['colcon_pkg']
[0.404s] Level 1:colcon.colcon_core.package_identification:_identify(src/examples/rclcpp/services/minimal_service) by extension 'colcon_pkg'
[0.404s] Level 1:colcon.colcon_core.package_identification:_identify(src/examples/rclcpp/services/minimal_service) by extensions ['colcon_meta']
[0.404s] Level 1:colcon.colcon_core.package_identification:_identify(src/examples/rclcpp/services/minimal_service) by extension 'colcon_meta'
[0.404s] Level 1:colcon.colcon_core.package_identification:_identify(src/examples/rclcpp/services/minimal_service) by extensions ['ros']
[0.404s] Level 1:colcon.colcon_core.package_identification:_identify(src/examples/rclcpp/services/minimal_service) by extension 'ros'
[0.404s] DEBUG:colcon.colcon_core.package_identification:Package 'src/examples/rclcpp/services/minimal_service' with type 'ros.ament_cmake' and name 'examples_rclcpp_minimal_service'
[0.405s] Level 1:colcon.colcon_core.package_identification:_identify(src/examples/rclcpp/timers) by extensions ['ignore', 'ignore_ament_install']
[0.405s] Level 1:colcon.colcon_core.package_identification:_identify(src/examples/rclcpp/timers) by extension 'ignore'
[0.405s] Level 1:colcon.colcon_core.package_identification:_identify(src/examples/rclcpp/timers) by extension 'ignore_ament_install'
[0.405s] Level 1:colcon.colcon_core.package_identification:_identify(src/examples/rclcpp/timers) by extensions ['colcon_pkg']
[0.405s] Level 1:colcon.colcon_core.package_identification:_identify(src/examples/rclcpp/timers) by extension 'colcon_pkg'
[0.405s] Level 1:colcon.colcon_core.package_identification:_identify(src/examples/rclcpp/timers) by extensions ['colcon_meta']
[0.405s] Level 1:colcon.colcon_core.package_identification:_identify(src/examples/rclcpp/timers) by extension 'colcon_meta'
[0.405s] Level 1:colcon.colcon_core.package_identification:_identify(src/examples/rclcpp/timers) by extensions ['ros']
[0.405s] Level 1:colcon.colcon_core.package_identification:_identify(src/examples/rclcpp/timers) by extension 'ros'
[0.405s] Level 1:colcon.colcon_core.package_identification:_identify(src/examples/rclcpp/timers) by extensions ['cmake', 'python']
[0.405s] Level 1:colcon.colcon_core.package_identification:_identify(src/examples/rclcpp/timers) by extension 'cmake'
[0.405s] Level 1:colcon.colcon_core.package_identification:_identify(src/examples/rclcpp/timers) by extension 'python'
[0.405s] Level 1:colcon.colcon_core.package_identification:_identify(src/examples/rclcpp/timers) by extensions ['python_setup_py']
[0.405s] Level 1:colcon.colcon_core.package_identification:_identify(src/examples/rclcpp/timers) by extension 'python_setup_py'
[0.405s] Level 1:colcon.colcon_core.package_identification:_identify(src/examples/rclcpp/timers/minimal_timer) by extensions ['ignore', 'ignore_ament_install']
[0.405s] Level 1:colcon.colcon_core.package_identification:_identify(src/examples/rclcpp/timers/minimal_timer) by extension 'ignore'
[0.405s] Level 1:colcon.colcon_core.package_identification:_identify(src/examples/rclcpp/timers/minimal_timer) by extension 'ignore_ament_install'
[0.405s] Level 1:colcon.colcon_core.package_identification:_identify(src/examples/rclcpp/timers/minimal_timer) by extensions ['colcon_pkg']
[0.405s] Level 1:colcon.colcon_core.package_identification:_identify(src/examples/rclcpp/timers/minimal_timer) by extension 'colcon_pkg'
[0.406s] Level 1:colcon.colcon_core.package_identification:_identify(src/examples/rclcpp/timers/minimal_timer) by extensions ['colcon_meta']
[0.406s] Level 1:colcon.colcon_core.package_identification:_identify(src/examples/rclcpp/timers/minimal_timer) by extension 'colcon_meta'
[0.406s] Level 1:colcon.colcon_core.package_identification:_identify(src/examples/rclcpp/timers/minimal_timer) by extensions ['ros']
[0.406s] Level 1:colcon.colcon_core.package_identification:_identify(src/examples/rclcpp/timers/minimal_timer) by extension 'ros'
[0.406s] DEBUG:colcon.colcon_core.package_identification:Package 'src/examples/rclcpp/timers/minimal_timer' with type 'ros.ament_cmake' and name 'examples_rclcpp_minimal_timer'
[0.406s] Level 1:colcon.colcon_core.package_identification:_identify(src/examples/rclcpp/topics) by extensions ['ignore', 'ignore_ament_install']
[0.407s] Level 1:colcon.colcon_core.package_identification:_identify(src/examples/rclcpp/topics) by extension 'ignore'
[0.407s] Level 1:colcon.colcon_core.package_identification:_identify(src/examples/rclcpp/topics) by extension 'ignore_ament_install'
[0.407s] Level 1:colcon.colcon_core.package_identification:_identify(src/examples/rclcpp/topics) by extensions ['colcon_pkg']
[0.407s] Level 1:colcon.colcon_core.package_identification:_identify(src/examples/rclcpp/topics) by extension 'colcon_pkg'
[0.407s] Level 1:colcon.colcon_core.package_identification:_identify(src/examples/rclcpp/topics) by extensions ['colcon_meta']
[0.407s] Level 1:colcon.colcon_core.package_identification:_identify(src/examples/rclcpp/topics) by extension 'colcon_meta'
[0.407s] Level 1:colcon.colcon_core.package_identification:_identify(src/examples/rclcpp/topics) by extensions ['ros']
[0.407s] Level 1:colcon.colcon_core.package_identification:_identify(src/examples/rclcpp/topics) by extension 'ros'
[0.407s] Level 1:colcon.colcon_core.package_identification:_identify(src/examples/rclcpp/topics) by extensions ['cmake', 'python']
[0.407s] Level 1:colcon.colcon_core.package_identification:_identify(src/examples/rclcpp/topics) by extension 'cmake'
[0.407s] Level 1:colcon.colcon_core.package_identification:_identify(src/examples/rclcpp/topics) by extension 'python'
[0.407s] Level 1:colcon.colcon_core.package_identification:_identify(src/examples/rclcpp/topics) by extensions ['python_setup_py']
[0.407s] Level 1:colcon.colcon_core.package_identification:_identify(src/examples/rclcpp/topics) by extension 'python_setup_py'
[0.407s] Level 1:colcon.colcon_core.package_identification:_identify(src/examples/rclcpp/topics/minimal_publisher) by extensions ['ignore', 'ignore_ament_install']
[0.407s] Level 1:colcon.colcon_core.package_identification:_identify(src/examples/rclcpp/topics/minimal_publisher) by extension 'ignore'
[0.407s] Level 1:colcon.colcon_core.package_identification:_identify(src/examples/rclcpp/topics/minimal_publisher) by extension 'ignore_ament_install'
[0.407s] Level 1:colcon.colcon_core.package_identification:_identify(src/examples/rclcpp/topics/minimal_publisher) by extensions ['colcon_pkg']
[0.407s] Level 1:colcon.colcon_core.package_identification:_identify(src/examples/rclcpp/topics/minimal_publisher) by extension 'colcon_pkg'
[0.407s] Level 1:colcon.colcon_core.package_identification:_identify(src/examples/rclcpp/topics/minimal_publisher) by extensions ['colcon_meta']
[0.407s] Level 1:colcon.colcon_core.package_identification:_identify(src/examples/rclcpp/topics/minimal_publisher) by extension 'colcon_meta'
[0.408s] Level 1:colcon.colcon_core.package_identification:_identify(src/examples/rclcpp/topics/minimal_publisher) by extensions ['ros']
[0.408s] Level 1:colcon.colcon_core.package_identification:_identify(src/examples/rclcpp/topics/minimal_publisher) by extension 'ros'
[0.408s] DEBUG:colcon.colcon_core.package_identification:Package 'src/examples/rclcpp/topics/minimal_publisher' with type 'ros.ament_cmake' and name 'examples_rclcpp_minimal_publisher'
[0.408s] Level 1:colcon.colcon_core.package_identification:_identify(src/examples/rclcpp/topics/minimal_subscriber) by extensions ['ignore', 'ignore_ament_install']
[0.408s] Level 1:colcon.colcon_core.package_identification:_identify(src/examples/rclcpp/topics/minimal_subscriber) by extension 'ignore'
[0.408s] Level 1:colcon.colcon_core.package_identification:_identify(src/examples/rclcpp/topics/minimal_subscriber) by extension 'ignore_ament_install'
[0.408s] Level 1:colcon.colcon_core.package_identification:_identify(src/examples/rclcpp/topics/minimal_subscriber) by extensions ['colcon_pkg']
[0.408s] Level 1:colcon.colcon_core.package_identification:_identify(src/examples/rclcpp/topics/minimal_subscriber) by extension 'colcon_pkg'
[0.409s] Level 1:colcon.colcon_core.package_identification:_identify(src/examples/rclcpp/topics/minimal_subscriber) by extensions ['colcon_meta']
[0.409s] Level 1:colcon.colcon_core.package_identification:_identify(src/examples/rclcpp/topics/minimal_subscriber) by extension 'colcon_meta'
[0.409s] Level 1:colcon.colcon_core.package_identification:_identify(src/examples/rclcpp/topics/minimal_subscriber) by extensions ['ros']
[0.409s] Level 1:colcon.colcon_core.package_identification:_identify(src/examples/rclcpp/topics/minimal_subscriber) by extension 'ros'
[0.409s] DEBUG:colcon.colcon_core.package_identification:Package 'src/examples/rclcpp/topics/minimal_subscriber' with type 'ros.ament_cmake' and name 'examples_rclcpp_minimal_subscriber'
[0.409s] Level 1:colcon.colcon_core.package_identification:_identify(src/examples/rclpy) by extensions ['ignore', 'ignore_ament_install']
[0.409s] Level 1:colcon.colcon_core.package_identification:_identify(src/examples/rclpy) by extension 'ignore'
[0.409s] Level 1:colcon.colcon_core.package_identification:_identify(src/examples/rclpy) by extension 'ignore_ament_install'
[0.410s] Level 1:colcon.colcon_core.package_identification:_identify(src/examples/rclpy) by extensions ['colcon_pkg']
[0.410s] Level 1:colcon.colcon_core.package_identification:_identify(src/examples/rclpy) by extension 'colcon_pkg'
[0.410s] Level 1:colcon.colcon_core.package_identification:_identify(src/examples/rclpy) by extensions ['colcon_meta']
[0.410s] Level 1:colcon.colcon_core.package_identification:_identify(src/examples/rclpy) by extension 'colcon_meta'
[0.410s] Level 1:colcon.colcon_core.package_identification:_identify(src/examples/rclpy) by extensions ['ros']
[0.410s] Level 1:colcon.colcon_core.package_identification:_identify(src/examples/rclpy) by extension 'ros'
[0.410s] Level 1:colcon.colcon_core.package_identification:_identify(src/examples/rclpy) by extensions ['cmake', 'python']
[0.410s] Level 1:colcon.colcon_core.package_identification:_identify(src/examples/rclpy) by extension 'cmake'
[0.410s] Level 1:colcon.colcon_core.package_identification:_identify(src/examples/rclpy) by extension 'python'
[0.410s] Level 1:colcon.colcon_core.package_identification:_identify(src/examples/rclpy) by extensions ['python_setup_py']
[0.410s] Level 1:colcon.colcon_core.package_identification:_identify(src/examples/rclpy) by extension 'python_setup_py'
[0.410s] Level 1:colcon.colcon_core.package_identification:_identify(src/examples/rclpy/actions) by extensions ['ignore', 'ignore_ament_install']
[0.410s] Level 1:colcon.colcon_core.package_identification:_identify(src/examples/rclpy/actions) by extension 'ignore'
[0.410s] Level 1:colcon.colcon_core.package_identification:_identify(src/examples/rclpy/actions) by extension 'ignore_ament_install'
[0.410s] Level 1:colcon.colcon_core.package_identification:_identify(src/examples/rclpy/actions) by extensions ['colcon_pkg']
[0.410s] Level 1:colcon.colcon_core.package_identification:_identify(src/examples/rclpy/actions) by extension 'colcon_pkg'
[0.410s] Level 1:colcon.colcon_core.package_identification:_identify(src/examples/rclpy/actions) by extensions ['colcon_meta']
[0.410s] Level 1:colcon.colcon_core.package_identification:_identify(src/examples/rclpy/actions) by extension 'colcon_meta'
[0.410s] Level 1:colcon.colcon_core.package_identification:_identify(src/examples/rclpy/actions) by extensions ['ros']
[0.410s] Level 1:colcon.colcon_core.package_identification:_identify(src/examples/rclpy/actions) by extension 'ros'
[0.410s] Level 1:colcon.colcon_core.package_identification:_identify(src/examples/rclpy/actions) by extensions ['cmake', 'python']
[0.411s] Level 1:colcon.colcon_core.package_identification:_identify(src/examples/rclpy/actions) by extension 'cmake'
[0.411s] Level 1:colcon.colcon_core.package_identification:_identify(src/examples/rclpy/actions) by extension 'python'
[0.411s] Level 1:colcon.colcon_core.package_identification:_identify(src/examples/rclpy/actions) by extensions ['python_setup_py']
[0.411s] Level 1:colcon.colcon_core.package_identification:_identify(src/examples/rclpy/actions) by extension 'python_setup_py'
[0.411s] Level 1:colcon.colcon_core.package_identification:_identify(src/examples/rclpy/actions/minimal_action_client) by extensions ['ignore', 'ignore_ament_install']
[0.411s] Level 1:colcon.colcon_core.package_identification:_identify(src/examples/rclpy/actions/minimal_action_client) by extension 'ignore'
[0.411s] Level 1:colcon.colcon_core.package_identification:_identify(src/examples/rclpy/actions/minimal_action_client) by extension 'ignore_ament_install'
[0.411s] Level 1:colcon.colcon_core.package_identification:_identify(src/examples/rclpy/actions/minimal_action_client) by extensions ['colcon_pkg']
[0.411s] Level 1:colcon.colcon_core.package_identification:_identify(src/examples/rclpy/actions/minimal_action_client) by extension 'colcon_pkg'
[0.411s] Level 1:colcon.colcon_core.package_identification:_identify(src/examples/rclpy/actions/minimal_action_client) by extensions ['colcon_meta']
[0.411s] Level 1:colcon.colcon_core.package_identification:_identify(src/examples/rclpy/actions/minimal_action_client) by extension 'colcon_meta'
[0.411s] Level 1:colcon.colcon_core.package_identification:_identify(src/examples/rclpy/actions/minimal_action_client) by extensions ['ros']
[0.411s] Level 1:colcon.colcon_core.package_identification:_identify(src/examples/rclpy/actions/minimal_action_client) by extension 'ros'
[0.412s] DEBUG:colcon.colcon_core.package_identification:Package 'src/examples/rclpy/actions/minimal_action_client' with type 'ros.ament_python' and name 'examples_rclpy_minimal_action_client'
[0.412s] Level 1:colcon.colcon_core.package_identification:_identify(src/examples/rclpy/actions/minimal_action_server) by extensions ['ignore', 'ignore_ament_install']
[0.412s] Level 1:colcon.colcon_core.package_identification:_identify(src/examples/rclpy/actions/minimal_action_server) by extension 'ignore'
[0.412s] Level 1:colcon.colcon_core.package_identification:_identify(src/examples/rclpy/actions/minimal_action_server) by extension 'ignore_ament_install'
[0.412s] Level 1:colcon.colcon_core.package_identification:_identify(src/examples/rclpy/actions/minimal_action_server) by extensions ['colcon_pkg']
[0.412s] Level 1:colcon.colcon_core.package_identification:_identify(src/examples/rclpy/actions/minimal_action_server) by extension 'colcon_pkg'
[0.412s] Level 1:colcon.colcon_core.package_identification:_identify(src/examples/rclpy/actions/minimal_action_server) by extensions ['colcon_meta']
[0.412s] Level 1:colcon.colcon_core.package_identification:_identify(src/examples/rclpy/actions/minimal_action_server) by extension 'colcon_meta'
[0.412s] Level 1:colcon.colcon_core.package_identification:_identify(src/examples/rclpy/actions/minimal_action_server) by extensions ['ros']
[0.412s] Level 1:colcon.colcon_core.package_identification:_identify(src/examples/rclpy/actions/minimal_action_server) by extension 'ros'
[0.413s] DEBUG:colcon.colcon_core.package_identification:Package 'src/examples/rclpy/actions/minimal_action_server' with type 'ros.ament_python' and name 'examples_rclpy_minimal_action_server'
[0.413s] Level 1:colcon.colcon_core.package_identification:_identify(src/examples/rclpy/executors) by extensions ['ignore', 'ignore_ament_install']
[0.413s] Level 1:colcon.colcon_core.package_identification:_identify(src/examples/rclpy/executors) by extension 'ignore'
[0.413s] Level 1:colcon.colcon_core.package_identification:_identify(src/examples/rclpy/executors) by extension 'ignore_ament_install'
[0.413s] Level 1:colcon.colcon_core.package_identification:_identify(src/examples/rclpy/executors) by extensions ['colcon_pkg']
[0.413s] Level 1:colcon.colcon_core.package_identification:_identify(src/examples/rclpy/executors) by extension 'colcon_pkg'
[0.413s] Level 1:colcon.colcon_core.package_identification:_identify(src/examples/rclpy/executors) by extensions ['colcon_meta']
[0.413s] Level 1:colcon.colcon_core.package_identification:_identify(src/examples/rclpy/executors) by extension 'colcon_meta'
[0.413s] Level 1:colcon.colcon_core.package_identification:_identify(src/examples/rclpy/executors) by extensions ['ros']
[0.413s] Level 1:colcon.colcon_core.package_identification:_identify(src/examples/rclpy/executors) by extension 'ros'
[0.414s] DEBUG:colcon.colcon_core.package_identification:Package 'src/examples/rclpy/executors' with type 'ros.ament_python' and name 'examples_rclpy_executors'
[0.414s] Level 1:colcon.colcon_core.package_identification:_identify(src/examples/rclpy/services) by extensions ['ignore', 'ignore_ament_install']
[0.414s] Level 1:colcon.colcon_core.package_identification:_identify(src/examples/rclpy/services) by extension 'ignore'
[0.414s] Level 1:colcon.colcon_core.package_identification:_identify(src/examples/rclpy/services) by extension 'ignore_ament_install'
[0.414s] Level 1:colcon.colcon_core.package_identification:_identify(src/examples/rclpy/services) by extensions ['colcon_pkg']
[0.414s] Level 1:colcon.colcon_core.package_identification:_identify(src/examples/rclpy/services) by extension 'colcon_pkg'
[0.414s] Level 1:colcon.colcon_core.package_identification:_identify(src/examples/rclpy/services) by extensions ['colcon_meta']
[0.414s] Level 1:colcon.colcon_core.package_identification:_identify(src/examples/rclpy/services) by extension 'colcon_meta'
[0.414s] Level 1:colcon.colcon_core.package_identification:_identify(src/examples/rclpy/services) by extensions ['ros']
[0.414s] Level 1:colcon.colcon_core.package_identification:_identify(src/examples/rclpy/services) by extension 'ros'
[0.415s] Level 1:colcon.colcon_core.package_identification:_identify(src/examples/rclpy/services) by extensions ['cmake', 'python']
[0.415s] Level 1:colcon.colcon_core.package_identification:_identify(src/examples/rclpy/services) by extension 'cmake'
[0.415s] Level 1:colcon.colcon_core.package_identification:_identify(src/examples/rclpy/services) by extension 'python'
[0.415s] Level 1:colcon.colcon_core.package_identification:_identify(src/examples/rclpy/services) by extensions ['python_setup_py']
[0.415s] Level 1:colcon.colcon_core.package_identification:_identify(src/examples/rclpy/services) by extension 'python_setup_py'
[0.415s] Level 1:colcon.colcon_core.package_identification:_identify(src/examples/rclpy/services/minimal_client) by extensions ['ignore', 'ignore_ament_install']
[0.415s] Level 1:colcon.colcon_core.package_identification:_identify(src/examples/rclpy/services/minimal_client) by extension 'ignore'
[0.415s] Level 1:colcon.colcon_core.package_identification:_identify(src/examples/rclpy/services/minimal_client) by extension 'ignore_ament_install'
[0.415s] Level 1:colcon.colcon_core.package_identification:_identify(src/examples/rclpy/services/minimal_client) by extensions ['colcon_pkg']
[0.415s] Level 1:colcon.colcon_core.package_identification:_identify(src/examples/rclpy/services/minimal_client) by extension 'colcon_pkg'
[0.415s] Level 1:colcon.colcon_core.package_identification:_identify(src/examples/rclpy/services/minimal_client) by extensions ['colcon_meta']
[0.415s] Level 1:colcon.colcon_core.package_identification:_identify(src/examples/rclpy/services/minimal_client) by extension 'colcon_meta'
[0.415s] Level 1:colcon.colcon_core.package_identification:_identify(src/examples/rclpy/services/minimal_client) by extensions ['ros']
[0.415s] Level 1:colcon.colcon_core.package_identification:_identify(src/examples/rclpy/services/minimal_client) by extension 'ros'
[0.416s] DEBUG:colcon.colcon_core.package_identification:Package 'src/examples/rclpy/services/minimal_client' with type 'ros.ament_python' and name 'examples_rclpy_minimal_client'
[0.416s] Level 1:colcon.colcon_core.package_identification:_identify(src/examples/rclpy/services/minimal_service) by extensions ['ignore', 'ignore_ament_install']
[0.416s] Level 1:colcon.colcon_core.package_identification:_identify(src/examples/rclpy/services/minimal_service) by extension 'ignore'
[0.416s] Level 1:colcon.colcon_core.package_identification:_identify(src/examples/rclpy/services/minimal_service) by extension 'ignore_ament_install'
[0.416s] Level 1:colcon.colcon_core.package_identification:_identify(src/examples/rclpy/services/minimal_service) by extensions ['colcon_pkg']
[0.416s] Level 1:colcon.colcon_core.package_identification:_identify(src/examples/rclpy/services/minimal_service) by extension 'colcon_pkg'
[0.416s] Level 1:colcon.colcon_core.package_identification:_identify(src/examples/rclpy/services/minimal_service) by extensions ['colcon_meta']
[0.416s] Level 1:colcon.colcon_core.package_identification:_identify(src/examples/rclpy/services/minimal_service) by extension 'colcon_meta'
[0.416s] Level 1:colcon.colcon_core.package_identification:_identify(src/examples/rclpy/services/minimal_service) by extensions ['ros']
[0.416s] Level 1:colcon.colcon_core.package_identification:_identify(src/examples/rclpy/services/minimal_service) by extension 'ros'
[0.417s] DEBUG:colcon.colcon_core.package_identification:Package 'src/examples/rclpy/services/minimal_service' with type 'ros.ament_python' and name 'examples_rclpy_minimal_service'
[0.417s] Level 1:colcon.colcon_core.package_identification:_identify(src/examples/rclpy/topics) by extensions ['ignore', 'ignore_ament_install']
[0.417s] Level 1:colcon.colcon_core.package_identification:_identify(src/examples/rclpy/topics) by extension 'ignore'
[0.417s] Level 1:colcon.colcon_core.package_identification:_identify(src/examples/rclpy/topics) by extension 'ignore_ament_install'
[0.417s] Level 1:colcon.colcon_core.package_identification:_identify(src/examples/rclpy/topics) by extensions ['colcon_pkg']
[0.417s] Level 1:colcon.colcon_core.package_identification:_identify(src/examples/rclpy/topics) by extension 'colcon_pkg'
[0.417s] Level 1:colcon.colcon_core.package_identification:_identify(src/examples/rclpy/topics) by extensions ['colcon_meta']
[0.417s] Level 1:colcon.colcon_core.package_identification:_identify(src/examples/rclpy/topics) by extension 'colcon_meta'
[0.417s] Level 1:colcon.colcon_core.package_identification:_identify(src/examples/rclpy/topics) by extensions ['ros']
[0.417s] Level 1:colcon.colcon_core.package_identification:_identify(src/examples/rclpy/topics) by extension 'ros'
[0.418s] Level 1:colcon.colcon_core.package_identification:_identify(src/examples/rclpy/topics) by extensions ['cmake', 'python']
[0.418s] Level 1:colcon.colcon_core.package_identification:_identify(src/examples/rclpy/topics) by extension 'cmake'
[0.418s] Level 1:colcon.colcon_core.package_identification:_identify(src/examples/rclpy/topics) by extension 'python'
[0.418s] Level 1:colcon.colcon_core.package_identification:_identify(src/examples/rclpy/topics) by extensions ['python_setup_py']
[0.418s] Level 1:colcon.colcon_core.package_identification:_identify(src/examples/rclpy/topics) by extension 'python_setup_py'
[0.418s] Level 1:colcon.colcon_core.package_identification:_identify(src/examples/rclpy/topics/minimal_publisher) by extensions ['ignore', 'ignore_ament_install']
[0.418s] Level 1:colcon.colcon_core.package_identification:_identify(src/examples/rclpy/topics/minimal_publisher) by extension 'ignore'
[0.418s] Level 1:colcon.colcon_core.package_identification:_identify(src/examples/rclpy/topics/minimal_publisher) by extension 'ignore_ament_install'
[0.418s] Level 1:colcon.colcon_core.package_identification:_identify(src/examples/rclpy/topics/minimal_publisher) by extensions ['colcon_pkg']
[0.418s] Level 1:colcon.colcon_core.package_identification:_identify(src/examples/rclpy/topics/minimal_publisher) by extension 'colcon_pkg'
[0.418s] Level 1:colcon.colcon_core.package_identification:_identify(src/examples/rclpy/topics/minimal_publisher) by extensions ['colcon_meta']
[0.418s] Level 1:colcon.colcon_core.package_identification:_identify(src/examples/rclpy/topics/minimal_publisher) by extension 'colcon_meta'
[0.418s] Level 1:colcon.colcon_core.package_identification:_identify(src/examples/rclpy/topics/minimal_publisher) by extensions ['ros']
[0.418s] Level 1:colcon.colcon_core.package_identification:_identify(src/examples/rclpy/topics/minimal_publisher) by extension 'ros'
[0.419s] DEBUG:colcon.colcon_core.package_identification:Package 'src/examples/rclpy/topics/minimal_publisher' with type 'ros.ament_python' and name 'examples_rclpy_minimal_publisher'
[0.419s] Level 1:colcon.colcon_core.package_identification:_identify(src/examples/rclpy/topics/minimal_subscriber) by extensions ['ignore', 'ignore_ament_install']
[0.419s] Level 1:colcon.colcon_core.package_identification:_identify(src/examples/rclpy/topics/minimal_subscriber) by extension 'ignore'
[0.419s] Level 1:colcon.colcon_core.package_identification:_identify(src/examples/rclpy/topics/minimal_subscriber) by extension 'ignore_ament_install'
[0.419s] Level 1:colcon.colcon_core.package_identification:_identify(src/examples/rclpy/topics/minimal_subscriber) by extensions ['colcon_pkg']
[0.419s] Level 1:colcon.colcon_core.package_identification:_identify(src/examples/rclpy/topics/minimal_subscriber) by extension 'colcon_pkg'
[0.419s] Level 1:colcon.colcon_core.package_identification:_identify(src/examples/rclpy/topics/minimal_subscriber) by extensions ['colcon_meta']
[0.419s] Level 1:colcon.colcon_core.package_identification:_identify(src/examples/rclpy/topics/minimal_subscriber) by extension 'colcon_meta'
[0.419s] Level 1:colcon.colcon_core.package_identification:_identify(src/examples/rclpy/topics/minimal_subscriber) by extensions ['ros']
[0.419s] Level 1:colcon.colcon_core.package_identification:_identify(src/examples/rclpy/topics/minimal_subscriber) by extension 'ros'
[0.420s] DEBUG:colcon.colcon_core.package_identification:Package 'src/examples/rclpy/topics/minimal_subscriber' with type 'ros.ament_python' and name 'examples_rclpy_minimal_subscriber'
[0.420s] Level 1:colcon.colcon_core.package_identification:_identify(src/install) by extensions ['ignore', 'ignore_ament_install']
[0.420s] Level 1:colcon.colcon_core.package_identification:_identify(src/install) by extension 'ignore'
[0.420s] Level 1:colcon.colcon_core.package_identification:_identify(src/install) ignored
[0.420s] Level 1:colcon.colcon_core.package_identification:_identify(src/log) by extensions ['ignore', 'ignore_ament_install']
[0.420s] Level 1:colcon.colcon_core.package_identification:_identify(src/log) by extension 'ignore'
[0.420s] Level 1:colcon.colcon_core.package_identification:_identify(src/log) ignored
[0.420s] Level 1:colcon.colcon_core.package_identification:_identify(src/my_package) by extensions ['ignore', 'ignore_ament_install']
[0.420s] Level 1:colcon.colcon_core.package_identification:_identify(src/my_package) by extension 'ignore'
[0.420s] Level 1:colcon.colcon_core.package_identification:_identify(src/my_package) by extension 'ignore_ament_install'
[0.421s] Level 1:colcon.colcon_core.package_identification:_identify(src/my_package) by extensions ['colcon_pkg']
[0.421s] Level 1:colcon.colcon_core.package_identification:_identify(src/my_package) by extension 'colcon_pkg'
[0.421s] Level 1:colcon.colcon_core.package_identification:_identify(src/my_package) by extensions ['colcon_meta']
[0.421s] Level 1:colcon.colcon_core.package_identification:_identify(src/my_package) by extension 'colcon_meta'
[0.421s] Level 1:colcon.colcon_core.package_identification:_identify(src/my_package) by extensions ['ros']
[0.421s] Level 1:colcon.colcon_core.package_identification:_identify(src/my_package) by extension 'ros'
[0.421s] DEBUG:colcon.colcon_core.package_identification:Package 'src/my_package' with type 'ros.ament_python' and name 'my_package'
[0.421s] Level 1:colcon.colcon_core.package_identification:_identify(src/ros_tutorials) by extensions ['ignore', 'ignore_ament_install']
[0.421s] Level 1:colcon.colcon_core.package_identification:_identify(src/ros_tutorials) by extension 'ignore'
[0.421s] Level 1:colcon.colcon_core.package_identification:_identify(src/ros_tutorials) by extension 'ignore_ament_install'
[0.422s] Level 1:colcon.colcon_core.package_identification:_identify(src/ros_tutorials) by extensions ['colcon_pkg']
[0.422s] Level 1:colcon.colcon_core.package_identification:_identify(src/ros_tutorials) by extension 'colcon_pkg'
[0.422s] Level 1:colcon.colcon_core.package_identification:_identify(src/ros_tutorials) by extensions ['colcon_meta']
[0.422s] Level 1:colcon.colcon_core.package_identification:_identify(src/ros_tutorials) by extension 'colcon_meta'
[0.422s] Level 1:colcon.colcon_core.package_identification:_identify(src/ros_tutorials) by extensions ['ros']
[0.422s] Level 1:colcon.colcon_core.package_identification:_identify(src/ros_tutorials) by extension 'ros'
[0.422s] Level 1:colcon.colcon_core.package_identification:_identify(src/ros_tutorials) by extensions ['cmake', 'python']
[0.422s] Level 1:colcon.colcon_core.package_identification:_identify(src/ros_tutorials) by extension 'cmake'
[0.422s] Level 1:colcon.colcon_core.package_identification:_identify(src/ros_tutorials) by extension 'python'
[0.422s] Level 1:colcon.colcon_core.package_identification:_identify(src/ros_tutorials) by extensions ['python_setup_py']
[0.422s] Level 1:colcon.colcon_core.package_identification:_identify(src/ros_tutorials) by extension 'python_setup_py'
[0.422s] Level 1:colcon.colcon_core.package_identification:_identify(src/ros_tutorials/ros_tutorials) by extensions ['ignore', 'ignore_ament_install']
[0.422s] Level 1:colcon.colcon_core.package_identification:_identify(src/ros_tutorials/ros_tutorials) by extension 'ignore'
[0.422s] Level 1:colcon.colcon_core.package_identification:_identify(src/ros_tutorials/ros_tutorials) ignored
[0.422s] Level 1:colcon.colcon_core.package_identification:_identify(src/ros_tutorials/roscpp_tutorials) by extensions ['ignore', 'ignore_ament_install']
[0.422s] Level 1:colcon.colcon_core.package_identification:_identify(src/ros_tutorials/roscpp_tutorials) by extension 'ignore'
[0.422s] Level 1:colcon.colcon_core.package_identification:_identify(src/ros_tutorials/roscpp_tutorials) ignored
[0.422s] Level 1:colcon.colcon_core.package_identification:_identify(src/ros_tutorials/rospy_tutorials) by extensions ['ignore', 'ignore_ament_install']
[0.423s] Level 1:colcon.colcon_core.package_identification:_identify(src/ros_tutorials/rospy_tutorials) by extension 'ignore'
[0.423s] Level 1:colcon.colcon_core.package_identification:_identify(src/ros_tutorials/rospy_tutorials) ignored
[0.423s] Level 1:colcon.colcon_core.package_identification:_identify(src/ros_tutorials/turtlesim) by extensions ['ignore', 'ignore_ament_install']
[0.423s] Level 1:colcon.colcon_core.package_identification:_identify(src/ros_tutorials/turtlesim) by extension 'ignore'
[0.423s] Level 1:colcon.colcon_core.package_identification:_identify(src/ros_tutorials/turtlesim) by extension 'ignore_ament_install'
[0.423s] Level 1:colcon.colcon_core.package_identification:_identify(src/ros_tutorials/turtlesim) by extensions ['colcon_pkg']
[0.423s] Level 1:colcon.colcon_core.package_identification:_identify(src/ros_tutorials/turtlesim) by extension 'colcon_pkg'
[0.423s] Level 1:colcon.colcon_core.package_identification:_identify(src/ros_tutorials/turtlesim) by extensions ['colcon_meta']
[0.423s] Level 1:colcon.colcon_core.package_identification:_identify(src/ros_tutorials/turtlesim) by extension 'colcon_meta'
[0.423s] Level 1:colcon.colcon_core.package_identification:_identify(src/ros_tutorials/turtlesim) by extensions ['ros']
[0.423s] Level 1:colcon.colcon_core.package_identification:_identify(src/ros_tutorials/turtlesim) by extension 'ros'
[0.424s] DEBUG:colcon.colcon_core.package_identification:Package 'src/ros_tutorials/turtlesim' with type 'ros.ament_cmake' and name 'turtlesim'
[0.424s] Level 1:colcon.colcon_core.package_identification:_identify(src/turtle_demo_controller) by extensions ['ignore', 'ignore_ament_install']
[0.425s] Level 1:colcon.colcon_core.package_identification:_identify(src/turtle_demo_controller) by extension 'ignore'
[0.425s] Level 1:colcon.colcon_core.package_identification:_identify(src/turtle_demo_controller) by extension 'ignore_ament_install'
[0.425s] Level 1:colcon.colcon_core.package_identification:_identify(src/turtle_demo_controller) by extensions ['colcon_pkg']
[0.425s] Level 1:colcon.colcon_core.package_identification:_identify(src/turtle_demo_controller) by extension 'colcon_pkg'
[0.425s] Level 1:colcon.colcon_core.package_identification:_identify(src/turtle_demo_controller) by extensions ['colcon_meta']
[0.425s] Level 1:colcon.colcon_core.package_identification:_identify(src/turtle_demo_controller) by extension 'colcon_meta'
[0.425s] Level 1:colcon.colcon_core.package_identification:_identify(src/turtle_demo_controller) by extensions ['ros']
[0.425s] Level 1:colcon.colcon_core.package_identification:_identify(src/turtle_demo_controller) by extension 'ros'
[0.426s] DEBUG:colcon.colcon_core.package_identification:Package 'src/turtle_demo_controller' with type 'ros.ament_python' and name 'turtle_demo_controller'
[0.426s] Level 1:colcon.colcon_core.package_discovery:discover_packages(recursive) using defaults
[0.426s] Level 1:colcon.colcon_core.package_discovery:discover_packages(ignore) discover
[0.426s] Level 1:colcon.colcon_core.package_discovery:discover_packages(ignore) using defaults
[0.426s] Level 1:colcon.colcon_core.package_discovery:discover_packages(path) discover
[0.426s] Level 1:colcon.colcon_core.package_discovery:discover_packages(path) using defaults
[0.459s] Level 1:colcon.colcon_core.package_discovery:discover_packages(prefix_path) check parameters
[0.460s] Level 1:colcon.colcon_core.package_discovery:discover_packages(prefix_path) discover
[0.461s] DEBUG:colcon.colcon_installed_package_information.package_discovery:Found 6 installed packages in /home/rastic-smartcity/ros2_ws/install
[0.463s] DEBUG:colcon.colcon_installed_package_information.package_discovery:Found 270 installed packages in /opt/ros/foxy
[0.464s] Level 1:colcon.colcon_core.package_discovery:discover_packages(prefix_path) using defaults
[0.522s] WARNING:colcon.colcon_core.package_selection:Some selected packages are already built in one or more underlay workspaces:
	'examples_rclcpp_minimal_service' is in: /opt/ros/foxy
	'examples_rclpy_minimal_subscriber' is in: /opt/ros/foxy
	'examples_rclcpp_minimal_subscriber' is in: /opt/ros/foxy
	'examples_rclcpp_minimal_composition' is in: /opt/ros/foxy
	'examples_rclpy_minimal_client' is in: /opt/ros/foxy
	'examples_rclcpp_minimal_action_server' is in: /opt/ros/foxy
	'examples_rclpy_executors' is in: /opt/ros/foxy
	'examples_rclcpp_minimal_action_client' is in: /opt/ros/foxy
	'examples_rclpy_minimal_action_client' is in: /opt/ros/foxy
	'examples_rclcpp_minimal_timer' is in: /opt/ros/foxy
	'examples_rclcpp_minimal_client' is in: /opt/ros/foxy
	'examples_rclcpp_multithreaded_executor' is in: /opt/ros/foxy
	'examples_rclcpp_minimal_publisher' is in: /opt/ros/foxy
	'examples_rclpy_minimal_action_server' is in: /opt/ros/foxy
	'turtlesim' is in: /home/rastic-smartcity/ros2_ws/install/turtlesim, /opt/ros/foxy
	'examples_rclpy_minimal_service' is in: /opt/ros/foxy
	'examples_rclpy_minimal_publisher' is in: /opt/ros/foxy
If a package in a merged underlay workspace is overridden and it installs headers, then all packages in the overlay must sort their include directories by workspace order. Failure to do so may result in build failures or undefined behavior at run time.
If the overridden package is used by another package in any underlay, then the overriding package in the overlay must be API and ABI compatible or undefined behavior at run time may occur.

If you understand the risks and want to override a package anyways, add the following to the command line:
	--allow-overriding examples_rclcpp_minimal_action_client examples_rclcpp_minimal_action_server examples_rclcpp_minimal_client examples_rclcpp_minimal_composition examples_rclcpp_minimal_publisher examples_rclcpp_minimal_service examples_rclcpp_minimal_subscriber examples_rclcpp_minimal_timer examples_rclcpp_multithreaded_executor examples_rclpy_executors examples_rclpy_minimal_action_client examples_rclpy_minimal_action_server examples_rclpy_minimal_client examples_rclpy_minimal_publisher examples_rclpy_minimal_service examples_rclpy_minimal_subscriber turtlesim

This may be promoted to an error in a future release of colcon-override-check.
[0.523s] Level 5:colcon.colcon_core.verb:set package 'examples_rclcpp_minimal_action_client' build argument 'cmake_args' from command line to 'None'
[0.523s] Level 5:colcon.colcon_core.verb:set package 'examples_rclcpp_minimal_action_client' build argument 'cmake_target' from command line to 'None'
[0.523s] Level 5:colcon.colcon_core.verb:set package 'examples_rclcpp_minimal_action_client' build argument 'cmake_target_skip_unavailable' from command line to 'False'
[0.523s] Level 5:colcon.colcon_core.verb:set package 'examples_rclcpp_minimal_action_client' build argument 'cmake_clean_cache' from command line to 'False'
[0.523s] Level 5:colcon.colcon_core.verb:set package 'examples_rclcpp_minimal_action_client' build argument 'cmake_clean_first' from command line to 'False'
[0.523s] Level 5:colcon.colcon_core.verb:set package 'examples_rclcpp_minimal_action_client' build argument 'cmake_force_configure' from command line to 'False'
[0.523s] Level 5:colcon.colcon_core.verb:set package 'examples_rclcpp_minimal_action_client' build argument 'ament_cmake_args' from command line to 'None'
[0.523s] Level 5:colcon.colcon_core.verb:set package 'examples_rclcpp_minimal_action_client' build argument 'catkin_cmake_args' from command line to 'None'
[0.523s] Level 5:colcon.colcon_core.verb:set package 'examples_rclcpp_minimal_action_client' build argument 'catkin_skip_building_tests' from command line to 'False'
[0.523s] DEBUG:colcon.colcon_core.verb:Building package 'examples_rclcpp_minimal_action_client' with the following arguments: {'ament_cmake_args': None, 'build_base': '/home/rastic-smartcity/ros2_ws/build/examples_rclcpp_minimal_action_client', 'catkin_cmake_args': None, 'catkin_skip_building_tests': False, 'cmake_args': None, 'cmake_clean_cache': False, 'cmake_clean_first': False, 'cmake_force_configure': False, 'cmake_target': None, 'cmake_target_skip_unavailable': False, 'install_base': '/home/rastic-smartcity/ros2_ws/install/examples_rclcpp_minimal_action_client', 'merge_install': False, 'path': '/home/rastic-smartcity/ros2_ws/src/examples/rclcpp/actions/minimal_action_client', 'symlink_install': True, 'test_result_base': None}
[0.523s] Level 5:colcon.colcon_core.verb:set package 'examples_rclcpp_minimal_action_server' build argument 'cmake_args' from command line to 'None'
[0.523s] Level 5:colcon.colcon_core.verb:set package 'examples_rclcpp_minimal_action_server' build argument 'cmake_target' from command line to 'None'
[0.523s] Level 5:colcon.colcon_core.verb:set package 'examples_rclcpp_minimal_action_server' build argument 'cmake_target_skip_unavailable' from command line to 'False'
[0.523s] Level 5:colcon.colcon_core.verb:set package 'examples_rclcpp_minimal_action_server' build argument 'cmake_clean_cache' from command line to 'False'
[0.523s] Level 5:colcon.colcon_core.verb:set package 'examples_rclcpp_minimal_action_server' build argument 'cmake_clean_first' from command line to 'False'
[0.523s] Level 5:colcon.colcon_core.verb:set package 'examples_rclcpp_minimal_action_server' build argument 'cmake_force_configure' from command line to 'False'
[0.523s] Level 5:colcon.colcon_core.verb:set package 'examples_rclcpp_minimal_action_server' build argument 'ament_cmake_args' from command line to 'None'
[0.523s] Level 5:colcon.colcon_core.verb:set package 'examples_rclcpp_minimal_action_server' build argument 'catkin_cmake_args' from command line to 'None'
[0.523s] Level 5:colcon.colcon_core.verb:set package 'examples_rclcpp_minimal_action_server' build argument 'catkin_skip_building_tests' from command line to 'False'
[0.523s] DEBUG:colcon.colcon_core.verb:Building package 'examples_rclcpp_minimal_action_server' with the following arguments: {'ament_cmake_args': None, 'build_base': '/home/rastic-smartcity/ros2_ws/build/examples_rclcpp_minimal_action_server', 'catkin_cmake_args': None, 'catkin_skip_building_tests': False, 'cmake_args': None, 'cmake_clean_cache': False, 'cmake_clean_first': False, 'cmake_force_configure': False, 'cmake_target': None, 'cmake_target_skip_unavailable': False, 'install_base': '/home/rastic-smartcity/ros2_ws/install/examples_rclcpp_minimal_action_server', 'merge_install': False, 'path': '/home/rastic-smartcity/ros2_ws/src/examples/rclcpp/actions/minimal_action_server', 'symlink_install': True, 'test_result_base': None}
[0.524s] Level 5:colcon.colcon_core.verb:set package 'examples_rclcpp_minimal_client' build argument 'cmake_args' from command line to 'None'
[0.524s] Level 5:colcon.colcon_core.verb:set package 'examples_rclcpp_minimal_client' build argument 'cmake_target' from command line to 'None'
[0.524s] Level 5:colcon.colcon_core.verb:set package 'examples_rclcpp_minimal_client' build argument 'cmake_target_skip_unavailable' from command line to 'False'
[0.524s] Level 5:colcon.colcon_core.verb:set package 'examples_rclcpp_minimal_client' build argument 'cmake_clean_cache' from command line to 'False'
[0.524s] Level 5:colcon.colcon_core.verb:set package 'examples_rclcpp_minimal_client' build argument 'cmake_clean_first' from command line to 'False'
[0.524s] Level 5:colcon.colcon_core.verb:set package 'examples_rclcpp_minimal_client' build argument 'cmake_force_configure' from command line to 'False'
[0.524s] Level 5:colcon.colcon_core.verb:set package 'examples_rclcpp_minimal_client' build argument 'ament_cmake_args' from command line to 'None'
[0.524s] Level 5:colcon.colcon_core.verb:set package 'examples_rclcpp_minimal_client' build argument 'catkin_cmake_args' from command line to 'None'
[0.524s] Level 5:colcon.colcon_core.verb:set package 'examples_rclcpp_minimal_client' build argument 'catkin_skip_building_tests' from command line to 'False'
[0.524s] DEBUG:colcon.colcon_core.verb:Building package 'examples_rclcpp_minimal_client' with the following arguments: {'ament_cmake_args': None, 'build_base': '/home/rastic-smartcity/ros2_ws/build/examples_rclcpp_minimal_client', 'catkin_cmake_args': None, 'catkin_skip_building_tests': False, 'cmake_args': None, 'cmake_clean_cache': False, 'cmake_clean_first': False, 'cmake_force_configure': False, 'cmake_target': None, 'cmake_target_skip_unavailable': False, 'install_base': '/home/rastic-smartcity/ros2_ws/install/examples_rclcpp_minimal_client', 'merge_install': False, 'path': '/home/rastic-smartcity/ros2_ws/src/examples/rclcpp/services/minimal_client', 'symlink_install': True, 'test_result_base': None}
[0.524s] Level 5:colcon.colcon_core.verb:set package 'examples_rclcpp_minimal_composition' build argument 'cmake_args' from command line to 'None'
[0.524s] Level 5:colcon.colcon_core.verb:set package 'examples_rclcpp_minimal_composition' build argument 'cmake_target' from command line to 'None'
[0.524s] Level 5:colcon.colcon_core.verb:set package 'examples_rclcpp_minimal_composition' build argument 'cmake_target_skip_unavailable' from command line to 'False'
[0.524s] Level 5:colcon.colcon_core.verb:set package 'examples_rclcpp_minimal_composition' build argument 'cmake_clean_cache' from command line to 'False'
[0.524s] Level 5:colcon.colcon_core.verb:set package 'examples_rclcpp_minimal_composition' build argument 'cmake_clean_first' from command line to 'False'
[0.525s] Level 5:colcon.colcon_core.verb:set package 'examples_rclcpp_minimal_composition' build argument 'cmake_force_configure' from command line to 'False'
[0.525s] Level 5:colcon.colcon_core.verb:set package 'examples_rclcpp_minimal_composition' build argument 'ament_cmake_args' from command line to 'None'
[0.525s] Level 5:colcon.colcon_core.verb:set package 'examples_rclcpp_minimal_composition' build argument 'catkin_cmake_args' from command line to 'None'
[0.525s] Level 5:colcon.colcon_core.verb:set package 'examples_rclcpp_minimal_composition' build argument 'catkin_skip_building_tests' from command line to 'False'
[0.525s] DEBUG:colcon.colcon_core.verb:Building package 'examples_rclcpp_minimal_composition' with the following arguments: {'ament_cmake_args': None, 'build_base': '/home/rastic-smartcity/ros2_ws/build/examples_rclcpp_minimal_composition', 'catkin_cmake_args': None, 'catkin_skip_building_tests': False, 'cmake_args': None, 'cmake_clean_cache': False, 'cmake_clean_first': False, 'cmake_force_configure': False, 'cmake_target': None, 'cmake_target_skip_unavailable': False, 'install_base': '/home/rastic-smartcity/ros2_ws/install/examples_rclcpp_minimal_composition', 'merge_install': False, 'path': '/home/rastic-smartcity/ros2_ws/src/examples/rclcpp/composition/minimal_composition', 'symlink_install': True, 'test_result_base': None}
[0.525s] Level 5:colcon.colcon_core.verb:set package 'examples_rclcpp_minimal_publisher' build argument 'cmake_args' from command line to 'None'
[0.525s] Level 5:colcon.colcon_core.verb:set package 'examples_rclcpp_minimal_publisher' build argument 'cmake_target' from command line to 'None'
[0.525s] Level 5:colcon.colcon_core.verb:set package 'examples_rclcpp_minimal_publisher' build argument 'cmake_target_skip_unavailable' from command line to 'False'
[0.525s] Level 5:colcon.colcon_core.verb:set package 'examples_rclcpp_minimal_publisher' build argument 'cmake_clean_cache' from command line to 'False'
[0.525s] Level 5:colcon.colcon_core.verb:set package 'examples_rclcpp_minimal_publisher' build argument 'cmake_clean_first' from command line to 'False'
[0.525s] Level 5:colcon.colcon_core.verb:set package 'examples_rclcpp_minimal_publisher' build argument 'cmake_force_configure' from command line to 'False'
[0.525s] Level 5:colcon.colcon_core.verb:set package 'examples_rclcpp_minimal_publisher' build argument 'ament_cmake_args' from command line to 'None'
[0.525s] Level 5:colcon.colcon_core.verb:set package 'examples_rclcpp_minimal_publisher' build argument 'catkin_cmake_args' from command line to 'None'
[0.525s] Level 5:colcon.colcon_core.verb:set package 'examples_rclcpp_minimal_publisher' build argument 'catkin_skip_building_tests' from command line to 'False'
[0.525s] DEBUG:colcon.colcon_core.verb:Building package 'examples_rclcpp_minimal_publisher' with the following arguments: {'ament_cmake_args': None, 'build_base': '/home/rastic-smartcity/ros2_ws/build/examples_rclcpp_minimal_publisher', 'catkin_cmake_args': None, 'catkin_skip_building_tests': False, 'cmake_args': None, 'cmake_clean_cache': False, 'cmake_clean_first': False, 'cmake_force_configure': False, 'cmake_target': None, 'cmake_target_skip_unavailable': False, 'install_base': '/home/rastic-smartcity/ros2_ws/install/examples_rclcpp_minimal_publisher', 'merge_install': False, 'path': '/home/rastic-smartcity/ros2_ws/src/examples/rclcpp/topics/minimal_publisher', 'symlink_install': True, 'test_result_base': None}
[0.525s] Level 5:colcon.colcon_core.verb:set package 'examples_rclcpp_minimal_service' build argument 'cmake_args' from command line to 'None'
[0.526s] Level 5:colcon.colcon_core.verb:set package 'examples_rclcpp_minimal_service' build argument 'cmake_target' from command line to 'None'
[0.526s] Level 5:colcon.colcon_core.verb:set package 'examples_rclcpp_minimal_service' build argument 'cmake_target_skip_unavailable' from command line to 'False'
[0.526s] Level 5:colcon.colcon_core.verb:set package 'examples_rclcpp_minimal_service' build argument 'cmake_clean_cache' from command line to 'False'
[0.526s] Level 5:colcon.colcon_core.verb:set package 'examples_rclcpp_minimal_service' build argument 'cmake_clean_first' from command line to 'False'
[0.526s] Level 5:colcon.colcon_core.verb:set package 'examples_rclcpp_minimal_service' build argument 'cmake_force_configure' from command line to 'False'
[0.526s] Level 5:colcon.colcon_core.verb:set package 'examples_rclcpp_minimal_service' build argument 'ament_cmake_args' from command line to 'None'
[0.526s] Level 5:colcon.colcon_core.verb:set package 'examples_rclcpp_minimal_service' build argument 'catkin_cmake_args' from command line to 'None'
[0.526s] Level 5:colcon.colcon_core.verb:set package 'examples_rclcpp_minimal_service' build argument 'catkin_skip_building_tests' from command line to 'False'
[0.526s] DEBUG:colcon.colcon_core.verb:Building package 'examples_rclcpp_minimal_service' with the following arguments: {'ament_cmake_args': None, 'build_base': '/home/rastic-smartcity/ros2_ws/build/examples_rclcpp_minimal_service', 'catkin_cmake_args': None, 'catkin_skip_building_tests': False, 'cmake_args': None, 'cmake_clean_cache': False, 'cmake_clean_first': False, 'cmake_force_configure': False, 'cmake_target': None, 'cmake_target_skip_unavailable': False, 'install_base': '/home/rastic-smartcity/ros2_ws/install/examples_rclcpp_minimal_service', 'merge_install': False, 'path': '/home/rastic-smartcity/ros2_ws/src/examples/rclcpp/services/minimal_service', 'symlink_install': True, 'test_result_base': None}
[0.526s] Level 5:colcon.colcon_core.verb:set package 'examples_rclcpp_minimal_subscriber' build argument 'cmake_args' from command line to 'None'
[0.526s] Level 5:colcon.colcon_core.verb:set package 'examples_rclcpp_minimal_subscriber' build argument 'cmake_target' from command line to 'None'
[0.526s] Level 5:colcon.colcon_core.verb:set package 'examples_rclcpp_minimal_subscriber' build argument 'cmake_target_skip_unavailable' from command line to 'False'
[0.526s] Level 5:colcon.colcon_core.verb:set package 'examples_rclcpp_minimal_subscriber' build argument 'cmake_clean_cache' from command line to 'False'
[0.526s] Level 5:colcon.colcon_core.verb:set package 'examples_rclcpp_minimal_subscriber' build argument 'cmake_clean_first' from command line to 'False'
[0.526s] Level 5:colcon.colcon_core.verb:set package 'examples_rclcpp_minimal_subscriber' build argument 'cmake_force_configure' from command line to 'False'
[0.526s] Level 5:colcon.colcon_core.verb:set package 'examples_rclcpp_minimal_subscriber' build argument 'ament_cmake_args' from command line to 'None'
[0.526s] Level 5:colcon.colcon_core.verb:set package 'examples_rclcpp_minimal_subscriber' build argument 'catkin_cmake_args' from command line to 'None'
[0.526s] Level 5:colcon.colcon_core.verb:set package 'examples_rclcpp_minimal_subscriber' build argument 'catkin_skip_building_tests' from command line to 'False'
[0.526s] DEBUG:colcon.colcon_core.verb:Building package 'examples_rclcpp_minimal_subscriber' with the following arguments: {'ament_cmake_args': None, 'build_base': '/home/rastic-smartcity/ros2_ws/build/examples_rclcpp_minimal_subscriber', 'catkin_cmake_args': None, 'catkin_skip_building_tests': False, 'cmake_args': None, 'cmake_clean_cache': False, 'cmake_clean_first': False, 'cmake_force_configure': False, 'cmake_target': None, 'cmake_target_skip_unavailable': False, 'install_base': '/home/rastic-smartcity/ros2_ws/install/examples_rclcpp_minimal_subscriber', 'merge_install': False, 'path': '/home/rastic-smartcity/ros2_ws/src/examples/rclcpp/topics/minimal_subscriber', 'symlink_install': True, 'test_result_base': None}
[0.527s] Level 5:colcon.colcon_core.verb:set package 'examples_rclcpp_minimal_timer' build argument 'cmake_args' from command line to 'None'
[0.527s] Level 5:colcon.colcon_core.verb:set package 'examples_rclcpp_minimal_timer' build argument 'cmake_target' from command line to 'None'
[0.527s] Level 5:colcon.colcon_core.verb:set package 'examples_rclcpp_minimal_timer' build argument 'cmake_target_skip_unavailable' from command line to 'False'
[0.527s] Level 5:colcon.colcon_core.verb:set package 'examples_rclcpp_minimal_timer' build argument 'cmake_clean_cache' from command line to 'False'
[0.527s] Level 5:colcon.colcon_core.verb:set package 'examples_rclcpp_minimal_timer' build argument 'cmake_clean_first' from command line to 'False'
[0.527s] Level 5:colcon.colcon_core.verb:set package 'examples_rclcpp_minimal_timer' build argument 'cmake_force_configure' from command line to 'False'
[0.527s] Level 5:colcon.colcon_core.verb:set package 'examples_rclcpp_minimal_timer' build argument 'ament_cmake_args' from command line to 'None'
[0.527s] Level 5:colcon.colcon_core.verb:set package 'examples_rclcpp_minimal_timer' build argument 'catkin_cmake_args' from command line to 'None'
[0.527s] Level 5:colcon.colcon_core.verb:set package 'examples_rclcpp_minimal_timer' build argument 'catkin_skip_building_tests' from command line to 'False'
[0.527s] DEBUG:colcon.colcon_core.verb:Building package 'examples_rclcpp_minimal_timer' with the following arguments: {'ament_cmake_args': None, 'build_base': '/home/rastic-smartcity/ros2_ws/build/examples_rclcpp_minimal_timer', 'catkin_cmake_args': None, 'catkin_skip_building_tests': False, 'cmake_args': None, 'cmake_clean_cache': False, 'cmake_clean_first': False, 'cmake_force_configure': False, 'cmake_target': None, 'cmake_target_skip_unavailable': False, 'install_base': '/home/rastic-smartcity/ros2_ws/install/examples_rclcpp_minimal_timer', 'merge_install': False, 'path': '/home/rastic-smartcity/ros2_ws/src/examples/rclcpp/timers/minimal_timer', 'symlink_install': True, 'test_result_base': None}
[0.527s] Level 5:colcon.colcon_core.verb:set package 'examples_rclcpp_multithreaded_executor' build argument 'cmake_args' from command line to 'None'
[0.527s] Level 5:colcon.colcon_core.verb:set package 'examples_rclcpp_multithreaded_executor' build argument 'cmake_target' from command line to 'None'
[0.527s] Level 5:colcon.colcon_core.verb:set package 'examples_rclcpp_multithreaded_executor' build argument 'cmake_target_skip_unavailable' from command line to 'False'
[0.527s] Level 5:colcon.colcon_core.verb:set package 'examples_rclcpp_multithreaded_executor' build argument 'cmake_clean_cache' from command line to 'False'
[0.527s] Level 5:colcon.colcon_core.verb:set package 'examples_rclcpp_multithreaded_executor' build argument 'cmake_clean_first' from command line to 'False'
[0.527s] Level 5:colcon.colcon_core.verb:set package 'examples_rclcpp_multithreaded_executor' build argument 'cmake_force_configure' from command line to 'False'
[0.527s] Level 5:colcon.colcon_core.verb:set package 'examples_rclcpp_multithreaded_executor' build argument 'ament_cmake_args' from command line to 'None'
[0.527s] Level 5:colcon.colcon_core.verb:set package 'examples_rclcpp_multithreaded_executor' build argument 'catkin_cmake_args' from command line to 'None'
[0.527s] Level 5:colcon.colcon_core.verb:set package 'examples_rclcpp_multithreaded_executor' build argument 'catkin_skip_building_tests' from command line to 'False'
[0.527s] DEBUG:colcon.colcon_core.verb:Building package 'examples_rclcpp_multithreaded_executor' with the following arguments: {'ament_cmake_args': None, 'build_base': '/home/rastic-smartcity/ros2_ws/build/examples_rclcpp_multithreaded_executor', 'catkin_cmake_args': None, 'catkin_skip_building_tests': False, 'cmake_args': None, 'cmake_clean_cache': False, 'cmake_clean_first': False, 'cmake_force_configure': False, 'cmake_target': None, 'cmake_target_skip_unavailable': False, 'install_base': '/home/rastic-smartcity/ros2_ws/install/examples_rclcpp_multithreaded_executor', 'merge_install': False, 'path': '/home/rastic-smartcity/ros2_ws/src/examples/rclcpp/executors/multithreaded_executor', 'symlink_install': True, 'test_result_base': None}
[0.528s] Level 5:colcon.colcon_core.verb:set package 'examples_rclpy_executors' build argument 'cmake_args' from command line to 'None'
[0.528s] Level 5:colcon.colcon_core.verb:set package 'examples_rclpy_executors' build argument 'cmake_target' from command line to 'None'
[0.528s] Level 5:colcon.colcon_core.verb:set package 'examples_rclpy_executors' build argument 'cmake_target_skip_unavailable' from command line to 'False'
[0.528s] Level 5:colcon.colcon_core.verb:set package 'examples_rclpy_executors' build argument 'cmake_clean_cache' from command line to 'False'
[0.528s] Level 5:colcon.colcon_core.verb:set package 'examples_rclpy_executors' build argument 'cmake_clean_first' from command line to 'False'
[0.528s] Level 5:colcon.colcon_core.verb:set package 'examples_rclpy_executors' build argument 'cmake_force_configure' from command line to 'False'
[0.528s] Level 5:colcon.colcon_core.verb:set package 'examples_rclpy_executors' build argument 'ament_cmake_args' from command line to 'None'
[0.528s] Level 5:colcon.colcon_core.verb:set package 'examples_rclpy_executors' build argument 'catkin_cmake_args' from command line to 'None'
[0.528s] Level 5:colcon.colcon_core.verb:set package 'examples_rclpy_executors' build argument 'catkin_skip_building_tests' from command line to 'False'
[0.528s] DEBUG:colcon.colcon_core.verb:Building package 'examples_rclpy_executors' with the following arguments: {'ament_cmake_args': None, 'build_base': '/home/rastic-smartcity/ros2_ws/build/examples_rclpy_executors', 'catkin_cmake_args': None, 'catkin_skip_building_tests': False, 'cmake_args': None, 'cmake_clean_cache': False, 'cmake_clean_first': False, 'cmake_force_configure': False, 'cmake_target': None, 'cmake_target_skip_unavailable': False, 'install_base': '/home/rastic-smartcity/ros2_ws/install/examples_rclpy_executors', 'merge_install': False, 'path': '/home/rastic-smartcity/ros2_ws/src/examples/rclpy/executors', 'symlink_install': True, 'test_result_base': None}
[0.528s] Level 5:colcon.colcon_core.verb:set package 'examples_rclpy_minimal_action_client' build argument 'cmake_args' from command line to 'None'
[0.528s] Level 5:colcon.colcon_core.verb:set package 'examples_rclpy_minimal_action_client' build argument 'cmake_target' from command line to 'None'
[0.528s] Level 5:colcon.colcon_core.verb:set package 'examples_rclpy_minimal_action_client' build argument 'cmake_target_skip_unavailable' from command line to 'False'
[0.528s] Level 5:colcon.colcon_core.verb:set package 'examples_rclpy_minimal_action_client' build argument 'cmake_clean_cache' from command line to 'False'
[0.528s] Level 5:colcon.colcon_core.verb:set package 'examples_rclpy_minimal_action_client' build argument 'cmake_clean_first' from command line to 'False'
[0.528s] Level 5:colcon.colcon_core.verb:set package 'examples_rclpy_minimal_action_client' build argument 'cmake_force_configure' from command line to 'False'
[0.528s] Level 5:colcon.colcon_core.verb:set package 'examples_rclpy_minimal_action_client' build argument 'ament_cmake_args' from command line to 'None'
[0.528s] Level 5:colcon.colcon_core.verb:set package 'examples_rclpy_minimal_action_client' build argument 'catkin_cmake_args' from command line to 'None'
[0.529s] Level 5:colcon.colcon_core.verb:set package 'examples_rclpy_minimal_action_client' build argument 'catkin_skip_building_tests' from command line to 'False'
[0.529s] DEBUG:colcon.colcon_core.verb:Building package 'examples_rclpy_minimal_action_client' with the following arguments: {'ament_cmake_args': None, 'build_base': '/home/rastic-smartcity/ros2_ws/build/examples_rclpy_minimal_action_client', 'catkin_cmake_args': None, 'catkin_skip_building_tests': False, 'cmake_args': None, 'cmake_clean_cache': False, 'cmake_clean_first': False, 'cmake_force_configure': False, 'cmake_target': None, 'cmake_target_skip_unavailable': False, 'install_base': '/home/rastic-smartcity/ros2_ws/install/examples_rclpy_minimal_action_client', 'merge_install': False, 'path': '/home/rastic-smartcity/ros2_ws/src/examples/rclpy/actions/minimal_action_client', 'symlink_install': True, 'test_result_base': None}
[0.529s] Level 5:colcon.colcon_core.verb:set package 'examples_rclpy_minimal_action_server' build argument 'cmake_args' from command line to 'None'
[0.529s] Level 5:colcon.colcon_core.verb:set package 'examples_rclpy_minimal_action_server' build argument 'cmake_target' from command line to 'None'
[0.529s] Level 5:colcon.colcon_core.verb:set package 'examples_rclpy_minimal_action_server' build argument 'cmake_target_skip_unavailable' from command line to 'False'
[0.529s] Level 5:colcon.colcon_core.verb:set package 'examples_rclpy_minimal_action_server' build argument 'cmake_clean_cache' from command line to 'False'
[0.529s] Level 5:colcon.colcon_core.verb:set package 'examples_rclpy_minimal_action_server' build argument 'cmake_clean_first' from command line to 'False'
[0.529s] Level 5:colcon.colcon_core.verb:set package 'examples_rclpy_minimal_action_server' build argument 'cmake_force_configure' from command line to 'False'
[0.529s] Level 5:colcon.colcon_core.verb:set package 'examples_rclpy_minimal_action_server' build argument 'ament_cmake_args' from command line to 'None'
[0.529s] Level 5:colcon.colcon_core.verb:set package 'examples_rclpy_minimal_action_server' build argument 'catkin_cmake_args' from command line to 'None'
[0.529s] Level 5:colcon.colcon_core.verb:set package 'examples_rclpy_minimal_action_server' build argument 'catkin_skip_building_tests' from command line to 'False'
[0.529s] DEBUG:colcon.colcon_core.verb:Building package 'examples_rclpy_minimal_action_server' with the following arguments: {'ament_cmake_args': None, 'build_base': '/home/rastic-smartcity/ros2_ws/build/examples_rclpy_minimal_action_server', 'catkin_cmake_args': None, 'catkin_skip_building_tests': False, 'cmake_args': None, 'cmake_clean_cache': False, 'cmake_clean_first': False, 'cmake_force_configure': False, 'cmake_target': None, 'cmake_target_skip_unavailable': False, 'install_base': '/home/rastic-smartcity/ros2_ws/install/examples_rclpy_minimal_action_server', 'merge_install': False, 'path': '/home/rastic-smartcity/ros2_ws/src/examples/rclpy/actions/minimal_action_server', 'symlink_install': True, 'test_result_base': None}
[0.529s] Level 5:colcon.colcon_core.verb:set package 'examples_rclpy_minimal_client' build argument 'cmake_args' from command line to 'None'
[0.529s] Level 5:colcon.colcon_core.verb:set package 'examples_rclpy_minimal_client' build argument 'cmake_target' from command line to 'None'
[0.529s] Level 5:colcon.colcon_core.verb:set package 'examples_rclpy_minimal_client' build argument 'cmake_target_skip_unavailable' from command line to 'False'
[0.529s] Level 5:colcon.colcon_core.verb:set package 'examples_rclpy_minimal_client' build argument 'cmake_clean_cache' from command line to 'False'
[0.530s] Level 5:colcon.colcon_core.verb:set package 'examples_rclpy_minimal_client' build argument 'cmake_clean_first' from command line to 'False'
[0.530s] Level 5:colcon.colcon_core.verb:set package 'examples_rclpy_minimal_client' build argument 'cmake_force_configure' from command line to 'False'
[0.530s] Level 5:colcon.colcon_core.verb:set package 'examples_rclpy_minimal_client' build argument 'ament_cmake_args' from command line to 'None'
[0.530s] Level 5:colcon.colcon_core.verb:set package 'examples_rclpy_minimal_client' build argument 'catkin_cmake_args' from command line to 'None'
[0.530s] Level 5:colcon.colcon_core.verb:set package 'examples_rclpy_minimal_client' build argument 'catkin_skip_building_tests' from command line to 'False'
[0.530s] DEBUG:colcon.colcon_core.verb:Building package 'examples_rclpy_minimal_client' with the following arguments: {'ament_cmake_args': None, 'build_base': '/home/rastic-smartcity/ros2_ws/build/examples_rclpy_minimal_client', 'catkin_cmake_args': None, 'catkin_skip_building_tests': False, 'cmake_args': None, 'cmake_clean_cache': False, 'cmake_clean_first': False, 'cmake_force_configure': False, 'cmake_target': None, 'cmake_target_skip_unavailable': False, 'install_base': '/home/rastic-smartcity/ros2_ws/install/examples_rclpy_minimal_client', 'merge_install': False, 'path': '/home/rastic-smartcity/ros2_ws/src/examples/rclpy/services/minimal_client', 'symlink_install': True, 'test_result_base': None}
[0.530s] Level 5:colcon.colcon_core.verb:set package 'examples_rclpy_minimal_publisher' build argument 'cmake_args' from command line to 'None'
[0.530s] Level 5:colcon.colcon_core.verb:set package 'examples_rclpy_minimal_publisher' build argument 'cmake_target' from command line to 'None'
[0.530s] Level 5:colcon.colcon_core.verb:set package 'examples_rclpy_minimal_publisher' build argument 'cmake_target_skip_unavailable' from command line to 'False'
[0.530s] Level 5:colcon.colcon_core.verb:set package 'examples_rclpy_minimal_publisher' build argument 'cmake_clean_cache' from command line to 'False'
[0.530s] Level 5:colcon.colcon_core.verb:set package 'examples_rclpy_minimal_publisher' build argument 'cmake_clean_first' from command line to 'False'
[0.530s] Level 5:colcon.colcon_core.verb:set package 'examples_rclpy_minimal_publisher' build argument 'cmake_force_configure' from command line to 'False'
[0.530s] Level 5:colcon.colcon_core.verb:set package 'examples_rclpy_minimal_publisher' build argument 'ament_cmake_args' from command line to 'None'
[0.530s] Level 5:colcon.colcon_core.verb:set package 'examples_rclpy_minimal_publisher' build argument 'catkin_cmake_args' from command line to 'None'
[0.530s] Level 5:colcon.colcon_core.verb:set package 'examples_rclpy_minimal_publisher' build argument 'catkin_skip_building_tests' from command line to 'False'
[0.530s] DEBUG:colcon.colcon_core.verb:Building package 'examples_rclpy_minimal_publisher' with the following arguments: {'ament_cmake_args': None, 'build_base': '/home/rastic-smartcity/ros2_ws/build/examples_rclpy_minimal_publisher', 'catkin_cmake_args': None, 'catkin_skip_building_tests': False, 'cmake_args': None, 'cmake_clean_cache': False, 'cmake_clean_first': False, 'cmake_force_configure': False, 'cmake_target': None, 'cmake_target_skip_unavailable': False, 'install_base': '/home/rastic-smartcity/ros2_ws/install/examples_rclpy_minimal_publisher', 'merge_install': False, 'path': '/home/rastic-smartcity/ros2_ws/src/examples/rclpy/topics/minimal_publisher', 'symlink_install': True, 'test_result_base': None}
[0.530s] Level 5:colcon.colcon_core.verb:set package 'examples_rclpy_minimal_service' build argument 'cmake_args' from command line to 'None'
[0.531s] Level 5:colcon.colcon_core.verb:set package 'examples_rclpy_minimal_service' build argument 'cmake_target' from command line to 'None'
[0.531s] Level 5:colcon.colcon_core.verb:set package 'examples_rclpy_minimal_service' build argument 'cmake_target_skip_unavailable' from command line to 'False'
[0.531s] Level 5:colcon.colcon_core.verb:set package 'examples_rclpy_minimal_service' build argument 'cmake_clean_cache' from command line to 'False'
[0.531s] Level 5:colcon.colcon_core.verb:set package 'examples_rclpy_minimal_service' build argument 'cmake_clean_first' from command line to 'False'
[0.531s] Level 5:colcon.colcon_core.verb:set package 'examples_rclpy_minimal_service' build argument 'cmake_force_configure' from command line to 'False'
[0.531s] Level 5:colcon.colcon_core.verb:set package 'examples_rclpy_minimal_service' build argument 'ament_cmake_args' from command line to 'None'
[0.531s] Level 5:colcon.colcon_core.verb:set package 'examples_rclpy_minimal_service' build argument 'catkin_cmake_args' from command line to 'None'
[0.531s] Level 5:colcon.colcon_core.verb:set package 'examples_rclpy_minimal_service' build argument 'catkin_skip_building_tests' from command line to 'False'
[0.531s] DEBUG:colcon.colcon_core.verb:Building package 'examples_rclpy_minimal_service' with the following arguments: {'ament_cmake_args': None, 'build_base': '/home/rastic-smartcity/ros2_ws/build/examples_rclpy_minimal_service', 'catkin_cmake_args': None, 'catkin_skip_building_tests': False, 'cmake_args': None, 'cmake_clean_cache': False, 'cmake_clean_first': False, 'cmake_force_configure': False, 'cmake_target': None, 'cmake_target_skip_unavailable': False, 'install_base': '/home/rastic-smartcity/ros2_ws/install/examples_rclpy_minimal_service', 'merge_install': False, 'path': '/home/rastic-smartcity/ros2_ws/src/examples/rclpy/services/minimal_service', 'symlink_install': True, 'test_result_base': None}
[0.531s] Level 5:colcon.colcon_core.verb:set package 'examples_rclpy_minimal_subscriber' build argument 'cmake_args' from command line to 'None'
[0.531s] Level 5:colcon.colcon_core.verb:set package 'examples_rclpy_minimal_subscriber' build argument 'cmake_target' from command line to 'None'
[0.531s] Level 5:colcon.colcon_core.verb:set package 'examples_rclpy_minimal_subscriber' build argument 'cmake_target_skip_unavailable' from command line to 'False'
[0.531s] Level 5:colcon.colcon_core.verb:set package 'examples_rclpy_minimal_subscriber' build argument 'cmake_clean_cache' from command line to 'False'
[0.531s] Level 5:colcon.colcon_core.verb:set package 'examples_rclpy_minimal_subscriber' build argument 'cmake_clean_first' from command line to 'False'
[0.531s] Level 5:colcon.colcon_core.verb:set package 'examples_rclpy_minimal_subscriber' build argument 'cmake_force_configure' from command line to 'False'
[0.531s] Level 5:colcon.colcon_core.verb:set package 'examples_rclpy_minimal_subscriber' build argument 'ament_cmake_args' from command line to 'None'
[0.531s] Level 5:colcon.colcon_core.verb:set package 'examples_rclpy_minimal_subscriber' build argument 'catkin_cmake_args' from command line to 'None'
[0.531s] Level 5:colcon.colcon_core.verb:set package 'examples_rclpy_minimal_subscriber' build argument 'catkin_skip_building_tests' from command line to 'False'
[0.531s] DEBUG:colcon.colcon_core.verb:Building package 'examples_rclpy_minimal_subscriber' with the following arguments: {'ament_cmake_args': None, 'build_base': '/home/rastic-smartcity/ros2_ws/build/examples_rclpy_minimal_subscriber', 'catkin_cmake_args': None, 'catkin_skip_building_tests': False, 'cmake_args': None, 'cmake_clean_cache': False, 'cmake_clean_first': False, 'cmake_force_configure': False, 'cmake_target': None, 'cmake_target_skip_unavailable': False, 'install_base': '/home/rastic-smartcity/ros2_ws/install/examples_rclpy_minimal_subscriber', 'merge_install': False, 'path': '/home/rastic-smartcity/ros2_ws/src/examples/rclpy/topics/minimal_subscriber', 'symlink_install': True, 'test_result_base': None}
[0.532s] Level 5:colcon.colcon_core.verb:set package 'my_package' build argument 'cmake_args' from command line to 'None'
[0.532s] Level 5:colcon.colcon_core.verb:set package 'my_package' build argument 'cmake_target' from command line to 'None'
[0.532s] Level 5:colcon.colcon_core.verb:set package 'my_package' build argument 'cmake_target_skip_unavailable' from command line to 'False'
[0.532s] Level 5:colcon.colcon_core.verb:set package 'my_package' build argument 'cmake_clean_cache' from command line to 'False'
[0.532s] Level 5:colcon.colcon_core.verb:set package 'my_package' build argument 'cmake_clean_first' from command line to 'False'
[0.532s] Level 5:colcon.colcon_core.verb:set package 'my_package' build argument 'cmake_force_configure' from command line to 'False'
[0.532s] Level 5:colcon.colcon_core.verb:set package 'my_package' build argument 'ament_cmake_args' from command line to 'None'
[0.532s] Level 5:colcon.colcon_core.verb:set package 'my_package' build argument 'catkin_cmake_args' from command line to 'None'
[0.532s] Level 5:colcon.colcon_core.verb:set package 'my_package' build argument 'catkin_skip_building_tests' from command line to 'False'
[0.532s] DEBUG:colcon.colcon_core.verb:Building package 'my_package' with the following arguments: {'ament_cmake_args': None, 'build_base': '/home/rastic-smartcity/ros2_ws/build/my_package', 'catkin_cmake_args': None, 'catkin_skip_building_tests': False, 'cmake_args': None, 'cmake_clean_cache': False, 'cmake_clean_first': False, 'cmake_force_configure': False, 'cmake_target': None, 'cmake_target_skip_unavailable': False, 'install_base': '/home/rastic-smartcity/ros2_ws/install/my_package', 'merge_install': False, 'path': '/home/rastic-smartcity/ros2_ws/src/my_package', 'symlink_install': True, 'test_result_base': None}
[0.532s] Level 5:colcon.colcon_core.verb:set package 'turtlesim' build argument 'cmake_args' from command line to 'None'
[0.532s] Level 5:colcon.colcon_core.verb:set package 'turtlesim' build argument 'cmake_target' from command line to 'None'
[0.532s] Level 5:colcon.colcon_core.verb:set package 'turtlesim' build argument 'cmake_target_skip_unavailable' from command line to 'False'
[0.532s] Level 5:colcon.colcon_core.verb:set package 'turtlesim' build argument 'cmake_clean_cache' from command line to 'False'
[0.532s] Level 5:colcon.colcon_core.verb:set package 'turtlesim' build argument 'cmake_clean_first' from command line to 'False'
[0.532s] Level 5:colcon.colcon_core.verb:set package 'turtlesim' build argument 'cmake_force_configure' from command line to 'False'
[0.532s] Level 5:colcon.colcon_core.verb:set package 'turtlesim' build argument 'ament_cmake_args' from command line to 'None'
[0.532s] Level 5:colcon.colcon_core.verb:set package 'turtlesim' build argument 'catkin_cmake_args' from command line to 'None'
[0.532s] Level 5:colcon.colcon_core.verb:set package 'turtlesim' build argument 'catkin_skip_building_tests' from command line to 'False'
[0.532s] DEBUG:colcon.colcon_core.verb:Building package 'turtlesim' with the following arguments: {'ament_cmake_args': None, 'build_base': '/home/rastic-smartcity/ros2_ws/build/turtlesim', 'catkin_cmake_args': None, 'catkin_skip_building_tests': False, 'cmake_args': None, 'cmake_clean_cache': False, 'cmake_clean_first': False, 'cmake_force_configure': False, 'cmake_target': None, 'cmake_target_skip_unavailable': False, 'install_base': '/home/rastic-smartcity/ros2_ws/install/turtlesim', 'merge_install': False, 'path': '/home/rastic-smartcity/ros2_ws/src/ros_tutorials/turtlesim', 'symlink_install': True, 'test_result_base': None}
[0.533s] Level 5:colcon.colcon_core.verb:set package 'turtle_demo_controller' build argument 'cmake_args' from command line to 'None'
[0.533s] Level 5:colcon.colcon_core.verb:set package 'turtle_demo_controller' build argument 'cmake_target' from command line to 'None'
[0.533s] Level 5:colcon.colcon_core.verb:set package 'turtle_demo_controller' build argument 'cmake_target_skip_unavailable' from command line to 'False'
[0.533s] Level 5:colcon.colcon_core.verb:set package 'turtle_demo_controller' build argument 'cmake_clean_cache' from command line to 'False'
[0.533s] Level 5:colcon.colcon_core.verb:set package 'turtle_demo_controller' build argument 'cmake_clean_first' from command line to 'False'
[0.533s] Level 5:colcon.colcon_core.verb:set package 'turtle_demo_controller' build argument 'cmake_force_configure' from command line to 'False'
[0.533s] Level 5:colcon.colcon_core.verb:set package 'turtle_demo_controller' build argument 'ament_cmake_args' from command line to 'None'
[0.533s] Level 5:colcon.colcon_core.verb:set package 'turtle_demo_controller' build argument 'catkin_cmake_args' from command line to 'None'
[0.533s] Level 5:colcon.colcon_core.verb:set package 'turtle_demo_controller' build argument 'catkin_skip_building_tests' from command line to 'False'
[0.533s] DEBUG:colcon.colcon_core.verb:Building package 'turtle_demo_controller' with the following arguments: {'ament_cmake_args': None, 'build_base': '/home/rastic-smartcity/ros2_ws/build/turtle_demo_controller', 'catkin_cmake_args': None, 'catkin_skip_building_tests': False, 'cmake_args': None, 'cmake_clean_cache': False, 'cmake_clean_first': False, 'cmake_force_configure': False, 'cmake_target': None, 'cmake_target_skip_unavailable': False, 'install_base': '/home/rastic-smartcity/ros2_ws/install/turtle_demo_controller', 'merge_install': False, 'path': '/home/rastic-smartcity/ros2_ws/src/turtle_demo_controller', 'symlink_install': True, 'test_result_base': None}
[0.533s] INFO:colcon.colcon_core.executor:Executing jobs using 'parallel' executor
[0.535s] DEBUG:colcon.colcon_parallel_executor.executor.parallel:run_until_complete
[0.535s] INFO:colcon.colcon_ros.task.ament_cmake.build:Building ROS package in '/home/rastic-smartcity/ros2_ws/src/ros_tutorials/turtlesim' with build type 'ament_cmake'
[0.535s] INFO:colcon.colcon_cmake.task.cmake.build:Building CMake package in '/home/rastic-smartcity/ros2_ws/src/ros_tutorials/turtlesim'
[0.538s] INFO:colcon.colcon_core.plugin_system:Skipping extension 'colcon_core.shell.bat': Not used on non-Windows systems
[0.538s] INFO:colcon.colcon_core.shell:Skip shell extension 'powershell' for command environment: Not usable outside of PowerShell
[0.538s] DEBUG:colcon.colcon_core.shell:Skip shell extension 'dsv' for command environment
[0.543s] INFO:colcon.colcon_ros.task.ament_cmake.build:Building ROS package in '/home/rastic-smartcity/ros2_ws/src/examples/rclcpp/actions/minimal_action_client' with build type 'ament_cmake'
[0.543s] INFO:colcon.colcon_cmake.task.cmake.build:Building CMake package in '/home/rastic-smartcity/ros2_ws/src/examples/rclcpp/actions/minimal_action_client'
[0.543s] INFO:colcon.colcon_core.shell:Skip shell extension 'powershell' for command environment: Not usable outside of PowerShell
[0.543s] DEBUG:colcon.colcon_core.shell:Skip shell extension 'dsv' for command environment
[0.549s] INFO:colcon.colcon_ros.task.ament_cmake.build:Building ROS package in '/home/rastic-smartcity/ros2_ws/src/examples/rclcpp/actions/minimal_action_server' with build type 'ament_cmake'
[0.549s] INFO:colcon.colcon_cmake.task.cmake.build:Building CMake package in '/home/rastic-smartcity/ros2_ws/src/examples/rclcpp/actions/minimal_action_server'
[0.549s] INFO:colcon.colcon_core.shell:Skip shell extension 'powershell' for command environment: Not usable outside of PowerShell
[0.549s] DEBUG:colcon.colcon_core.shell:Skip shell extension 'dsv' for command environment
[0.554s] INFO:colcon.colcon_ros.task.ament_cmake.build:Building ROS package in '/home/rastic-smartcity/ros2_ws/src/examples/rclcpp/services/minimal_client' with build type 'ament_cmake'
[0.555s] INFO:colcon.colcon_cmake.task.cmake.build:Building CMake package in '/home/rastic-smartcity/ros2_ws/src/examples/rclcpp/services/minimal_client'
[0.555s] INFO:colcon.colcon_core.shell:Skip shell extension 'powershell' for command environment: Not usable outside of PowerShell
[0.555s] DEBUG:colcon.colcon_core.shell:Skip shell extension 'dsv' for command environment
[0.561s] INFO:colcon.colcon_ros.task.ament_cmake.build:Building ROS package in '/home/rastic-smartcity/ros2_ws/src/examples/rclcpp/composition/minimal_composition' with build type 'ament_cmake'
[0.561s] INFO:colcon.colcon_cmake.task.cmake.build:Building CMake package in '/home/rastic-smartcity/ros2_ws/src/examples/rclcpp/composition/minimal_composition'
[0.562s] INFO:colcon.colcon_core.shell:Skip shell extension 'powershell' for command environment: Not usable outside of PowerShell
[0.562s] DEBUG:colcon.colcon_core.shell:Skip shell extension 'dsv' for command environment
[0.567s] INFO:colcon.colcon_ros.task.ament_cmake.build:Building ROS package in '/home/rastic-smartcity/ros2_ws/src/examples/rclcpp/topics/minimal_publisher' with build type 'ament_cmake'
[0.568s] INFO:colcon.colcon_cmake.task.cmake.build:Building CMake package in '/home/rastic-smartcity/ros2_ws/src/examples/rclcpp/topics/minimal_publisher'
[0.569s] INFO:colcon.colcon_core.shell:Skip shell extension 'powershell' for command environment: Not usable outside of PowerShell
[0.569s] DEBUG:colcon.colcon_core.shell:Skip shell extension 'dsv' for command environment
[0.574s] INFO:colcon.colcon_ros.task.ament_cmake.build:Building ROS package in '/home/rastic-smartcity/ros2_ws/src/examples/rclcpp/services/minimal_service' with build type 'ament_cmake'
[0.574s] INFO:colcon.colcon_cmake.task.cmake.build:Building CMake package in '/home/rastic-smartcity/ros2_ws/src/examples/rclcpp/services/minimal_service'
[0.574s] INFO:colcon.colcon_core.shell:Skip shell extension 'powershell' for command environment: Not usable outside of PowerShell
[0.574s] DEBUG:colcon.colcon_core.shell:Skip shell extension 'dsv' for command environment
[0.580s] INFO:colcon.colcon_ros.task.ament_cmake.build:Building ROS package in '/home/rastic-smartcity/ros2_ws/src/examples/rclcpp/topics/minimal_subscriber' with build type 'ament_cmake'
[0.580s] INFO:colcon.colcon_cmake.task.cmake.build:Building CMake package in '/home/rastic-smartcity/ros2_ws/src/examples/rclcpp/topics/minimal_subscriber'
[0.580s] INFO:colcon.colcon_core.shell:Skip shell extension 'powershell' for command environment: Not usable outside of PowerShell
[0.581s] DEBUG:colcon.colcon_core.shell:Skip shell extension 'dsv' for command environment
[0.586s] INFO:colcon.colcon_ros.task.ament_cmake.build:Building ROS package in '/home/rastic-smartcity/ros2_ws/src/examples/rclcpp/timers/minimal_timer' with build type 'ament_cmake'
[0.586s] INFO:colcon.colcon_cmake.task.cmake.build:Building CMake package in '/home/rastic-smartcity/ros2_ws/src/examples/rclcpp/timers/minimal_timer'
[0.586s] INFO:colcon.colcon_core.shell:Skip shell extension 'powershell' for command environment: Not usable outside of PowerShell
[0.586s] DEBUG:colcon.colcon_core.shell:Skip shell extension 'dsv' for command environment
[0.592s] INFO:colcon.colcon_ros.task.ament_cmake.build:Building ROS package in '/home/rastic-smartcity/ros2_ws/src/examples/rclcpp/executors/multithreaded_executor' with build type 'ament_cmake'
[0.592s] INFO:colcon.colcon_cmake.task.cmake.build:Building CMake package in '/home/rastic-smartcity/ros2_ws/src/examples/rclcpp/executors/multithreaded_executor'
[0.593s] INFO:colcon.colcon_core.shell:Skip shell extension 'powershell' for command environment: Not usable outside of PowerShell
[0.593s] DEBUG:colcon.colcon_core.shell:Skip shell extension 'dsv' for command environment
[0.599s] INFO:colcon.colcon_ros.task.ament_python.build:Building ROS package in '/home/rastic-smartcity/ros2_ws/src/examples/rclpy/executors' with build type 'ament_python'
[0.599s] Level 1:colcon.colcon_core.shell:create_environment_hook('examples_rclpy_executors', 'ament_prefix_path')
[0.600s] INFO:colcon.colcon_core.shell:Creating environment hook '/home/rastic-smartcity/ros2_ws/install/examples_rclpy_executors/share/examples_rclpy_executors/hook/ament_prefix_path.ps1'
[0.602s] INFO:colcon.colcon_core.shell:Creating environment descriptor '/home/rastic-smartcity/ros2_ws/install/examples_rclpy_executors/share/examples_rclpy_executors/hook/ament_prefix_path.dsv'
[0.602s] INFO:colcon.colcon_core.shell:Creating environment hook '/home/rastic-smartcity/ros2_ws/install/examples_rclpy_executors/share/examples_rclpy_executors/hook/ament_prefix_path.sh'
[0.603s] INFO:colcon.colcon_core.shell:Skip shell extension 'powershell' for command environment: Not usable outside of PowerShell
[0.603s] DEBUG:colcon.colcon_core.shell:Skip shell extension 'dsv' for command environment
[0.608s] INFO:colcon.colcon_ros.task.ament_python.build:Building ROS package in '/home/rastic-smartcity/ros2_ws/src/examples/rclpy/actions/minimal_action_client' with build type 'ament_python'
[0.608s] Level 1:colcon.colcon_core.shell:create_environment_hook('examples_rclpy_minimal_action_client', 'ament_prefix_path')
[0.608s] INFO:colcon.colcon_core.shell:Creating environment hook '/home/rastic-smartcity/ros2_ws/install/examples_rclpy_minimal_action_client/share/examples_rclpy_minimal_action_client/hook/ament_prefix_path.ps1'
[0.609s] INFO:colcon.colcon_core.shell:Creating environment descriptor '/home/rastic-smartcity/ros2_ws/install/examples_rclpy_minimal_action_client/share/examples_rclpy_minimal_action_client/hook/ament_prefix_path.dsv'
[0.610s] INFO:colcon.colcon_core.shell:Creating environment hook '/home/rastic-smartcity/ros2_ws/install/examples_rclpy_minimal_action_client/share/examples_rclpy_minimal_action_client/hook/ament_prefix_path.sh'
[0.610s] INFO:colcon.colcon_core.shell:Skip shell extension 'powershell' for command environment: Not usable outside of PowerShell
[0.610s] DEBUG:colcon.colcon_core.shell:Skip shell extension 'dsv' for command environment
[0.624s] DEBUG:colcon.colcon_core.event_handler.log_command:Invoking command in '/home/rastic-smartcity/ros2_ws/build/turtlesim': CMAKE_PREFIX_PATH=${CMAKE_PREFIX_PATH}:/home/rastic-smartcity/ros2_ws/install/turtle_demo_controller:/home/rastic-smartcity/ros2_ws/install/Rastic_seminar_Python:/home/rastic-smartcity/ros2_ws/install/Rastic_seminar_python:/opt/ros/foxy /usr/bin/cmake /home/rastic-smartcity/ros2_ws/src/ros_tutorials/turtlesim -DAMENT_CMAKE_SYMLINK_INSTALL=1 -DCMAKE_INSTALL_PREFIX=/home/rastic-smartcity/ros2_ws/install/turtlesim
[0.631s] DEBUG:colcon.colcon_core.event_handler.log_command:Invoking command in '/home/rastic-smartcity/ros2_ws/build/examples_rclcpp_minimal_action_client': CMAKE_PREFIX_PATH=${CMAKE_PREFIX_PATH}:/home/rastic-smartcity/ros2_ws/install/turtle_demo_controller:/home/rastic-smartcity/ros2_ws/install/Rastic_seminar_Python:/home/rastic-smartcity/ros2_ws/install/Rastic_seminar_python:/opt/ros/foxy /usr/bin/cmake /home/rastic-smartcity/ros2_ws/src/examples/rclcpp/actions/minimal_action_client -DAMENT_CMAKE_SYMLINK_INSTALL=1 -DCMAKE_INSTALL_PREFIX=/home/rastic-smartcity/ros2_ws/install/examples_rclcpp_minimal_action_client
[0.640s] DEBUG:colcon.colcon_core.event_handler.log_command:Invoking command in '/home/rastic-smartcity/ros2_ws/build/examples_rclcpp_minimal_action_server': CMAKE_PREFIX_PATH=${CMAKE_PREFIX_PATH}:/home/rastic-smartcity/ros2_ws/install/turtle_demo_controller:/home/rastic-smartcity/ros2_ws/install/Rastic_seminar_Python:/home/rastic-smartcity/ros2_ws/install/Rastic_seminar_python:/opt/ros/foxy /usr/bin/cmake /home/rastic-smartcity/ros2_ws/src/examples/rclcpp/actions/minimal_action_server -DAMENT_CMAKE_SYMLINK_INSTALL=1 -DCMAKE_INSTALL_PREFIX=/home/rastic-smartcity/ros2_ws/install/examples_rclcpp_minimal_action_server
[0.650s] DEBUG:colcon.colcon_core.event_handler.log_command:Invoking command in '/home/rastic-smartcity/ros2_ws/build/examples_rclcpp_minimal_client': CMAKE_PREFIX_PATH=${CMAKE_PREFIX_PATH}:/home/rastic-smartcity/ros2_ws/install/turtle_demo_controller:/home/rastic-smartcity/ros2_ws/install/Rastic_seminar_Python:/home/rastic-smartcity/ros2_ws/install/Rastic_seminar_python:/opt/ros/foxy /usr/bin/cmake /home/rastic-smartcity/ros2_ws/src/examples/rclcpp/services/minimal_client -DAMENT_CMAKE_SYMLINK_INSTALL=1 -DCMAKE_INSTALL_PREFIX=/home/rastic-smartcity/ros2_ws/install/examples_rclcpp_minimal_client
[0.656s] DEBUG:colcon.colcon_core.event_handler.log_command:Invoking command in '/home/rastic-smartcity/ros2_ws/build/examples_rclcpp_minimal_composition': CMAKE_PREFIX_PATH=${CMAKE_PREFIX_PATH}:/home/rastic-smartcity/ros2_ws/install/turtle_demo_controller:/home/rastic-smartcity/ros2_ws/install/Rastic_seminar_Python:/home/rastic-smartcity/ros2_ws/install/Rastic_seminar_python:/opt/ros/foxy /usr/bin/cmake /home/rastic-smartcity/ros2_ws/src/examples/rclcpp/composition/minimal_composition -DAMENT_CMAKE_SYMLINK_INSTALL=1 -DCMAKE_INSTALL_PREFIX=/home/rastic-smartcity/ros2_ws/install/examples_rclcpp_minimal_composition
[0.671s] DEBUG:colcon.colcon_core.event_handler.log_command:Invoking command in '/home/rastic-smartcity/ros2_ws/build/examples_rclcpp_minimal_publisher': CMAKE_PREFIX_PATH=${CMAKE_PREFIX_PATH}:/home/rastic-smartcity/ros2_ws/install/turtle_demo_controller:/home/rastic-smartcity/ros2_ws/install/Rastic_seminar_Python:/home/rastic-smartcity/ros2_ws/install/Rastic_seminar_python:/opt/ros/foxy /usr/bin/cmake /home/rastic-smartcity/ros2_ws/src/examples/rclcpp/topics/minimal_publisher -DAMENT_CMAKE_SYMLINK_INSTALL=1 -DCMAKE_INSTALL_PREFIX=/home/rastic-smartcity/ros2_ws/install/examples_rclcpp_minimal_publisher
[0.677s] DEBUG:colcon.colcon_core.event_handler.log_command:Invoking command in '/home/rastic-smartcity/ros2_ws/build/examples_rclcpp_minimal_service': CMAKE_PREFIX_PATH=${CMAKE_PREFIX_PATH}:/home/rastic-smartcity/ros2_ws/install/turtle_demo_controller:/home/rastic-smartcity/ros2_ws/install/Rastic_seminar_Python:/home/rastic-smartcity/ros2_ws/install/Rastic_seminar_python:/opt/ros/foxy /usr/bin/cmake /home/rastic-smartcity/ros2_ws/src/examples/rclcpp/services/minimal_service -DAMENT_CMAKE_SYMLINK_INSTALL=1 -DCMAKE_INSTALL_PREFIX=/home/rastic-smartcity/ros2_ws/install/examples_rclcpp_minimal_service
[0.685s] DEBUG:colcon.colcon_core.event_handler.log_command:Invoking command in '/home/rastic-smartcity/ros2_ws/build/examples_rclcpp_minimal_subscriber': CMAKE_PREFIX_PATH=${CMAKE_PREFIX_PATH}:/home/rastic-smartcity/ros2_ws/install/turtle_demo_controller:/home/rastic-smartcity/ros2_ws/install/Rastic_seminar_Python:/home/rastic-smartcity/ros2_ws/install/Rastic_seminar_python:/opt/ros/foxy /usr/bin/cmake /home/rastic-smartcity/ros2_ws/src/examples/rclcpp/topics/minimal_subscriber -DAMENT_CMAKE_SYMLINK_INSTALL=1 -DCMAKE_INSTALL_PREFIX=/home/rastic-smartcity/ros2_ws/install/examples_rclcpp_minimal_subscriber
[0.686s] DEBUG:colcon.colcon_core.event_handler.log_command:Invoking command in '/home/rastic-smartcity/ros2_ws/build/examples_rclcpp_minimal_timer': CMAKE_PREFIX_PATH=${CMAKE_PREFIX_PATH}:/home/rastic-smartcity/ros2_ws/install/turtle_demo_controller:/home/rastic-smartcity/ros2_ws/install/Rastic_seminar_Python:/home/rastic-smartcity/ros2_ws/install/Rastic_seminar_python:/opt/ros/foxy /usr/bin/cmake /home/rastic-smartcity/ros2_ws/src/examples/rclcpp/timers/minimal_timer -DAMENT_CMAKE_SYMLINK_INSTALL=1 -DCMAKE_INSTALL_PREFIX=/home/rastic-smartcity/ros2_ws/install/examples_rclcpp_minimal_timer
[0.690s] DEBUG:colcon.colcon_core.event_handler.log_command:Invoking command in '/home/rastic-smartcity/ros2_ws/build/examples_rclcpp_multithreaded_executor': CMAKE_PREFIX_PATH=${CMAKE_PREFIX_PATH}:/home/rastic-smartcity/ros2_ws/install/turtle_demo_controller:/home/rastic-smartcity/ros2_ws/install/Rastic_seminar_Python:/home/rastic-smartcity/ros2_ws/install/Rastic_seminar_python:/opt/ros/foxy /usr/bin/cmake /home/rastic-smartcity/ros2_ws/src/examples/rclcpp/executors/multithreaded_executor -DAMENT_CMAKE_SYMLINK_INSTALL=1 -DCMAKE_INSTALL_PREFIX=/home/rastic-smartcity/ros2_ws/install/examples_rclcpp_multithreaded_executor
[1.077s] INFO:colcon.colcon_core.task.python.build:Building Python package in '/home/rastic-smartcity/ros2_ws/src/examples/rclpy/executors'
[1.078s] INFO:colcon.colcon_core.shell:Skip shell extension 'powershell' for command environment: Not usable outside of PowerShell
[1.078s] DEBUG:colcon.colcon_core.shell:Skip shell extension 'dsv' for command environment
[1.420s] INFO:colcon.colcon_core.task.python.build:Building Python package in '/home/rastic-smartcity/ros2_ws/src/examples/rclpy/actions/minimal_action_client'
[1.421s] INFO:colcon.colcon_core.shell:Skip shell extension 'powershell' for command environment: Not usable outside of PowerShell
[1.421s] DEBUG:colcon.colcon_core.shell:Skip shell extension 'dsv' for command environment
[2.220s] DEBUG:colcon.colcon_core.event_handler.log_command:Invoking command in '/home/rastic-smartcity/ros2_ws/build/examples_rclpy_minimal_action_client': PYTHONPATH=/home/rastic-smartcity/ros2_ws/build/examples_rclpy_minimal_action_client/prefix_override:/usr/lib/python3/dist-packages/colcon_core/task/python/colcon_distutils_commands:/home/rastic-smartcity/ros2_ws/install/examples_rclpy_minimal_action_client/lib/python3.8/site-packages:${PYTHONPATH} /usr/bin/python3 -W ignore:setup.py install is deprecated setup.py develop --editable --build-directory /home/rastic-smartcity/ros2_ws/build/examples_rclpy_minimal_action_client/build --no-deps symlink_data
[2.237s] DEBUG:colcon.colcon_core.event_handler.log_command:Invoking command in '/home/rastic-smartcity/ros2_ws/build/examples_rclpy_executors': PYTHONPATH=/home/rastic-smartcity/ros2_ws/build/examples_rclpy_executors/prefix_override:/usr/lib/python3/dist-packages/colcon_core/task/python/colcon_distutils_commands:/home/rastic-smartcity/ros2_ws/install/examples_rclpy_executors/lib/python3.8/site-packages:${PYTHONPATH} /usr/bin/python3 -W ignore:setup.py install is deprecated setup.py develop --editable --build-directory /home/rastic-smartcity/ros2_ws/build/examples_rclpy_executors/build --no-deps symlink_data
[3.370s] DEBUG:colcon.colcon_core.event_handler.log_command:Invoked command in '/home/rastic-smartcity/ros2_ws/build/turtlesim' returned '0': CMAKE_PREFIX_PATH=${CMAKE_PREFIX_PATH}:/home/rastic-smartcity/ros2_ws/install/turtle_demo_controller:/home/rastic-smartcity/ros2_ws/install/Rastic_seminar_Python:/home/rastic-smartcity/ros2_ws/install/Rastic_seminar_python:/opt/ros/foxy /usr/bin/cmake /home/rastic-smartcity/ros2_ws/src/ros_tutorials/turtlesim -DAMENT_CMAKE_SYMLINK_INSTALL=1 -DCMAKE_INSTALL_PREFIX=/home/rastic-smartcity/ros2_ws/install/turtlesim
[3.371s] DEBUG:colcon.colcon_core.event_handler.log_command:Invoking command in '/home/rastic-smartcity/ros2_ws/build/turtlesim': CMAKE_PREFIX_PATH=${CMAKE_PREFIX_PATH}:/home/rastic-smartcity/ros2_ws/install/turtle_demo_controller:/home/rastic-smartcity/ros2_ws/install/Rastic_seminar_Python:/home/rastic-smartcity/ros2_ws/install/Rastic_seminar_python:/opt/ros/foxy /usr/bin/cmake --build /home/rastic-smartcity/ros2_ws/build/turtlesim -- -j12 -l12
[3.898s] DEBUG:colcon.colcon_core.event_handler.log_command:Invoked command in '/home/rastic-smartcity/ros2_ws/build/examples_rclcpp_minimal_publisher' returned '0': CMAKE_PREFIX_PATH=${CMAKE_PREFIX_PATH}:/home/rastic-smartcity/ros2_ws/install/turtle_demo_controller:/home/rastic-smartcity/ros2_ws/install/Rastic_seminar_Python:/home/rastic-smartcity/ros2_ws/install/Rastic_seminar_python:/opt/ros/foxy /usr/bin/cmake /home/rastic-smartcity/ros2_ws/src/examples/rclcpp/topics/minimal_publisher -DAMENT_CMAKE_SYMLINK_INSTALL=1 -DCMAKE_INSTALL_PREFIX=/home/rastic-smartcity/ros2_ws/install/examples_rclcpp_minimal_publisher
[3.900s] DEBUG:colcon.colcon_core.event_handler.log_command:Invoking command in '/home/rastic-smartcity/ros2_ws/build/examples_rclcpp_minimal_publisher': CMAKE_PREFIX_PATH=${CMAKE_PREFIX_PATH}:/home/rastic-smartcity/ros2_ws/install/turtle_demo_controller:/home/rastic-smartcity/ros2_ws/install/Rastic_seminar_Python:/home/rastic-smartcity/ros2_ws/install/Rastic_seminar_python:/opt/ros/foxy /usr/bin/cmake --build /home/rastic-smartcity/ros2_ws/build/examples_rclcpp_minimal_publisher -- -j12 -l12
[3.969s] Level 1:colcon.colcon_core.shell:create_environment_hook('examples_rclpy_minimal_action_client', 'pythonpath_develop')
[3.972s] DEBUG:colcon.colcon_core.event_handler.log_command:Invoked command in '/home/rastic-smartcity/ros2_ws/build/examples_rclcpp_minimal_subscriber' returned '0': CMAKE_PREFIX_PATH=${CMAKE_PREFIX_PATH}:/home/rastic-smartcity/ros2_ws/install/turtle_demo_controller:/home/rastic-smartcity/ros2_ws/install/Rastic_seminar_Python:/home/rastic-smartcity/ros2_ws/install/Rastic_seminar_python:/opt/ros/foxy /usr/bin/cmake /home/rastic-smartcity/ros2_ws/src/examples/rclcpp/topics/minimal_subscriber -DAMENT_CMAKE_SYMLINK_INSTALL=1 -DCMAKE_INSTALL_PREFIX=/home/rastic-smartcity/ros2_ws/install/examples_rclcpp_minimal_subscriber
[3.973s] INFO:colcon.colcon_core.shell:Creating environment hook '/home/rastic-smartcity/ros2_ws/build/examples_rclpy_minimal_action_client/share/examples_rclpy_minimal_action_client/hook/pythonpath_develop.ps1'
[3.975s] INFO:colcon.colcon_core.shell:Creating environment descriptor '/home/rastic-smartcity/ros2_ws/build/examples_rclpy_minimal_action_client/share/examples_rclpy_minimal_action_client/hook/pythonpath_develop.dsv'
[3.976s] INFO:colcon.colcon_core.shell:Creating environment hook '/home/rastic-smartcity/ros2_ws/build/examples_rclpy_minimal_action_client/share/examples_rclpy_minimal_action_client/hook/pythonpath_develop.sh'
[3.979s] DEBUG:colcon.colcon_core.event_handler.log_command:Invoking command in '/home/rastic-smartcity/ros2_ws/build/examples_rclcpp_minimal_subscriber': CMAKE_PREFIX_PATH=${CMAKE_PREFIX_PATH}:/home/rastic-smartcity/ros2_ws/install/turtle_demo_controller:/home/rastic-smartcity/ros2_ws/install/Rastic_seminar_Python:/home/rastic-smartcity/ros2_ws/install/Rastic_seminar_python:/opt/ros/foxy /usr/bin/cmake --build /home/rastic-smartcity/ros2_ws/build/examples_rclcpp_minimal_subscriber -- -j12 -l12
[3.982s] Level 1:colcon.colcon_core.environment:checking '/home/rastic-smartcity/ros2_ws/install/examples_rclpy_minimal_action_client' for CMake module files
[3.985s] Level 1:colcon.colcon_core.environment:checking '/home/rastic-smartcity/ros2_ws/install/examples_rclpy_minimal_action_client' for CMake config files
[4.003s] Level 1:colcon.colcon_core.environment:checking '/home/rastic-smartcity/ros2_ws/install/examples_rclpy_minimal_action_client/lib'
[4.004s] Level 1:colcon.colcon_core.environment:checking '/home/rastic-smartcity/ros2_ws/install/examples_rclpy_minimal_action_client/bin'
[4.005s] Level 1:colcon.colcon_core.environment:checking '/home/rastic-smartcity/ros2_ws/install/examples_rclpy_minimal_action_client/lib/pkgconfig/examples_rclpy_minimal_action_client.pc'
[4.005s] Level 1:colcon.colcon_core.environment:checking '/home/rastic-smartcity/ros2_ws/install/examples_rclpy_minimal_action_client/lib/python3.8/site-packages'
[4.005s] Level 1:colcon.colcon_core.shell:create_environment_hook('examples_rclpy_minimal_action_client', 'pythonpath')
[4.006s] INFO:colcon.colcon_core.shell:Creating environment hook '/home/rastic-smartcity/ros2_ws/install/examples_rclpy_minimal_action_client/share/examples_rclpy_minimal_action_client/hook/pythonpath.ps1'
[4.006s] INFO:colcon.colcon_core.shell:Creating environment descriptor '/home/rastic-smartcity/ros2_ws/install/examples_rclpy_minimal_action_client/share/examples_rclpy_minimal_action_client/hook/pythonpath.dsv'
[4.007s] INFO:colcon.colcon_core.shell:Creating environment hook '/home/rastic-smartcity/ros2_ws/install/examples_rclpy_minimal_action_client/share/examples_rclpy_minimal_action_client/hook/pythonpath.sh'
[4.007s] Level 1:colcon.colcon_core.environment:checking '/home/rastic-smartcity/ros2_ws/install/examples_rclpy_minimal_action_client/bin'
[4.008s] Level 1:colcon.colcon_core.environment:create_environment_scripts_only(examples_rclpy_minimal_action_client)
[4.008s] INFO:colcon.colcon_core.shell:Creating package script '/home/rastic-smartcity/ros2_ws/install/examples_rclpy_minimal_action_client/share/examples_rclpy_minimal_action_client/package.ps1'
[4.009s] DEBUG:colcon.colcon_core.event_handler.log_command:Invoked command in '/home/rastic-smartcity/ros2_ws/build/examples_rclpy_minimal_action_client' returned '0': PYTHONPATH=/home/rastic-smartcity/ros2_ws/build/examples_rclpy_minimal_action_client/prefix_override:/usr/lib/python3/dist-packages/colcon_core/task/python/colcon_distutils_commands:/home/rastic-smartcity/ros2_ws/install/examples_rclpy_minimal_action_client/lib/python3.8/site-packages:${PYTHONPATH} /usr/bin/python3 -W ignore:setup.py install is deprecated setup.py develop --editable --build-directory /home/rastic-smartcity/ros2_ws/build/examples_rclpy_minimal_action_client/build --no-deps symlink_data
[4.016s] INFO:colcon.colcon_core.shell:Creating package descriptor '/home/rastic-smartcity/ros2_ws/install/examples_rclpy_minimal_action_client/share/examples_rclpy_minimal_action_client/package.dsv'
[4.018s] INFO:colcon.colcon_core.shell:Creating package script '/home/rastic-smartcity/ros2_ws/install/examples_rclpy_minimal_action_client/share/examples_rclpy_minimal_action_client/package.sh'
[4.019s] INFO:colcon.colcon_core.shell:Creating package script '/home/rastic-smartcity/ros2_ws/install/examples_rclpy_minimal_action_client/share/examples_rclpy_minimal_action_client/package.bash'
[4.020s] INFO:colcon.colcon_core.shell:Creating package script '/home/rastic-smartcity/ros2_ws/install/examples_rclpy_minimal_action_client/share/examples_rclpy_minimal_action_client/package.zsh'
[4.021s] Level 1:colcon.colcon_core.environment:create_file_with_runtime_dependencies(/home/rastic-smartcity/ros2_ws/install/examples_rclpy_minimal_action_client/share/colcon-core/packages/examples_rclpy_minimal_action_client)
[4.022s] Level 1:colcon.colcon_core.shell:create_environment_hook('examples_rclpy_executors', 'pythonpath_develop')
[4.023s] INFO:colcon.colcon_core.shell:Creating environment hook '/home/rastic-smartcity/ros2_ws/build/examples_rclpy_executors/share/examples_rclpy_executors/hook/pythonpath_develop.ps1'
[4.025s] DEBUG:colcon.colcon_core.event_handler.log_command:Invoked command in '/home/rastic-smartcity/ros2_ws/build/examples_rclpy_executors' returned '0': PYTHONPATH=/home/rastic-smartcity/ros2_ws/build/examples_rclpy_executors/prefix_override:/usr/lib/python3/dist-packages/colcon_core/task/python/colcon_distutils_commands:/home/rastic-smartcity/ros2_ws/install/examples_rclpy_executors/lib/python3.8/site-packages:${PYTHONPATH} /usr/bin/python3 -W ignore:setup.py install is deprecated setup.py develop --editable --build-directory /home/rastic-smartcity/ros2_ws/build/examples_rclpy_executors/build --no-deps symlink_data
[4.025s] INFO:colcon.colcon_core.shell:Creating environment descriptor '/home/rastic-smartcity/ros2_ws/build/examples_rclpy_executors/share/examples_rclpy_executors/hook/pythonpath_develop.dsv'
[4.026s] INFO:colcon.colcon_core.shell:Creating environment hook '/home/rastic-smartcity/ros2_ws/build/examples_rclpy_executors/share/examples_rclpy_executors/hook/pythonpath_develop.sh'
[4.027s] Level 1:colcon.colcon_core.environment:checking '/home/rastic-smartcity/ros2_ws/install/examples_rclpy_executors' for CMake module files
[4.028s] Level 1:colcon.colcon_core.environment:checking '/home/rastic-smartcity/ros2_ws/install/examples_rclpy_executors' for CMake config files
[4.028s] Level 1:colcon.colcon_core.environment:checking '/home/rastic-smartcity/ros2_ws/install/examples_rclpy_executors/lib'
[4.028s] Level 1:colcon.colcon_core.environment:checking '/home/rastic-smartcity/ros2_ws/install/examples_rclpy_executors/bin'
[4.028s] Level 1:colcon.colcon_core.environment:checking '/home/rastic-smartcity/ros2_ws/install/examples_rclpy_executors/lib/pkgconfig/examples_rclpy_executors.pc'
[4.029s] Level 1:colcon.colcon_core.environment:checking '/home/rastic-smartcity/ros2_ws/install/examples_rclpy_executors/lib/python3.8/site-packages'
[4.029s] Level 1:colcon.colcon_core.shell:create_environment_hook('examples_rclpy_executors', 'pythonpath')
[4.029s] INFO:colcon.colcon_core.shell:Creating environment hook '/home/rastic-smartcity/ros2_ws/install/examples_rclpy_executors/share/examples_rclpy_executors/hook/pythonpath.ps1'
[4.030s] INFO:colcon.colcon_core.shell:Creating environment descriptor '/home/rastic-smartcity/ros2_ws/install/examples_rclpy_executors/share/examples_rclpy_executors/hook/pythonpath.dsv'
[4.030s] INFO:colcon.colcon_core.shell:Creating environment hook '/home/rastic-smartcity/ros2_ws/install/examples_rclpy_executors/share/examples_rclpy_executors/hook/pythonpath.sh'
[4.031s] Level 1:colcon.colcon_core.environment:checking '/home/rastic-smartcity/ros2_ws/install/examples_rclpy_executors/bin'
[4.031s] Level 1:colcon.colcon_core.environment:create_environment_scripts_only(examples_rclpy_executors)
[4.032s] INFO:colcon.colcon_core.shell:Creating package script '/home/rastic-smartcity/ros2_ws/install/examples_rclpy_executors/share/examples_rclpy_executors/package.ps1'
[4.033s] INFO:colcon.colcon_core.shell:Creating package descriptor '/home/rastic-smartcity/ros2_ws/install/examples_rclpy_executors/share/examples_rclpy_executors/package.dsv'
[4.034s] INFO:colcon.colcon_core.shell:Creating package script '/home/rastic-smartcity/ros2_ws/install/examples_rclpy_executors/share/examples_rclpy_executors/package.sh'
[4.035s] INFO:colcon.colcon_core.shell:Creating package script '/home/rastic-smartcity/ros2_ws/install/examples_rclpy_executors/share/examples_rclpy_executors/package.bash'
[4.035s] INFO:colcon.colcon_core.shell:Creating package script '/home/rastic-smartcity/ros2_ws/install/examples_rclpy_executors/share/examples_rclpy_executors/package.zsh'
[4.036s] Level 1:colcon.colcon_core.environment:create_file_with_runtime_dependencies(/home/rastic-smartcity/ros2_ws/install/examples_rclpy_executors/share/colcon-core/packages/examples_rclpy_executors)
[4.042s] DEBUG:colcon.colcon_core.event_handler.log_command:Invoked command in '/home/rastic-smartcity/ros2_ws/build/turtlesim' returned '0': CMAKE_PREFIX_PATH=${CMAKE_PREFIX_PATH}:/home/rastic-smartcity/ros2_ws/install/turtle_demo_controller:/home/rastic-smartcity/ros2_ws/install/Rastic_seminar_Python:/home/rastic-smartcity/ros2_ws/install/Rastic_seminar_python:/opt/ros/foxy /usr/bin/cmake --build /home/rastic-smartcity/ros2_ws/build/turtlesim -- -j12 -l12
[4.045s] INFO:colcon.colcon_ros.task.ament_python.build:Building ROS package in '/home/rastic-smartcity/ros2_ws/src/examples/rclpy/actions/minimal_action_server' with build type 'ament_python'
[4.046s] Level 1:colcon.colcon_core.shell:create_environment_hook('examples_rclpy_minimal_action_server', 'ament_prefix_path')
[4.047s] INFO:colcon.colcon_core.shell:Creating environment hook '/home/rastic-smartcity/ros2_ws/install/examples_rclpy_minimal_action_server/share/examples_rclpy_minimal_action_server/hook/ament_prefix_path.ps1'
[4.048s] INFO:colcon.colcon_core.shell:Creating environment descriptor '/home/rastic-smartcity/ros2_ws/install/examples_rclpy_minimal_action_server/share/examples_rclpy_minimal_action_server/hook/ament_prefix_path.dsv'
[4.049s] INFO:colcon.colcon_core.shell:Creating environment hook '/home/rastic-smartcity/ros2_ws/install/examples_rclpy_minimal_action_server/share/examples_rclpy_minimal_action_server/hook/ament_prefix_path.sh'
[4.049s] INFO:colcon.colcon_core.shell:Skip shell extension 'powershell' for command environment: Not usable outside of PowerShell
[4.050s] DEBUG:colcon.colcon_core.shell:Skip shell extension 'dsv' for command environment
[4.060s] INFO:colcon.colcon_ros.task.ament_python.build:Building ROS package in '/home/rastic-smartcity/ros2_ws/src/examples/rclpy/services/minimal_client' with build type 'ament_python'
[4.061s] Level 1:colcon.colcon_core.shell:create_environment_hook('examples_rclpy_minimal_client', 'ament_prefix_path')
[4.062s] INFO:colcon.colcon_core.shell:Creating environment hook '/home/rastic-smartcity/ros2_ws/install/examples_rclpy_minimal_client/share/examples_rclpy_minimal_client/hook/ament_prefix_path.ps1'
[4.063s] INFO:colcon.colcon_core.shell:Creating environment descriptor '/home/rastic-smartcity/ros2_ws/install/examples_rclpy_minimal_client/share/examples_rclpy_minimal_client/hook/ament_prefix_path.dsv'
[4.064s] INFO:colcon.colcon_core.shell:Creating environment hook '/home/rastic-smartcity/ros2_ws/install/examples_rclpy_minimal_client/share/examples_rclpy_minimal_client/hook/ament_prefix_path.sh'
[4.065s] INFO:colcon.colcon_core.shell:Skip shell extension 'powershell' for command environment: Not usable outside of PowerShell
[4.065s] DEBUG:colcon.colcon_core.shell:Skip shell extension 'dsv' for command environment
[4.076s] DEBUG:colcon.colcon_core.event_handler.log_command:Invoked command in '/home/rastic-smartcity/ros2_ws/build/examples_rclcpp_multithreaded_executor' returned '0': CMAKE_PREFIX_PATH=${CMAKE_PREFIX_PATH}:/home/rastic-smartcity/ros2_ws/install/turtle_demo_controller:/home/rastic-smartcity/ros2_ws/install/Rastic_seminar_Python:/home/rastic-smartcity/ros2_ws/install/Rastic_seminar_python:/opt/ros/foxy /usr/bin/cmake /home/rastic-smartcity/ros2_ws/src/examples/rclcpp/executors/multithreaded_executor -DAMENT_CMAKE_SYMLINK_INSTALL=1 -DCMAKE_INSTALL_PREFIX=/home/rastic-smartcity/ros2_ws/install/examples_rclcpp_multithreaded_executor
[4.082s] DEBUG:colcon.colcon_core.event_handler.log_command:Invoking command in '/home/rastic-smartcity/ros2_ws/build/examples_rclcpp_multithreaded_executor': CMAKE_PREFIX_PATH=${CMAKE_PREFIX_PATH}:/home/rastic-smartcity/ros2_ws/install/turtle_demo_controller:/home/rastic-smartcity/ros2_ws/install/Rastic_seminar_Python:/home/rastic-smartcity/ros2_ws/install/Rastic_seminar_python:/opt/ros/foxy /usr/bin/cmake --build /home/rastic-smartcity/ros2_ws/build/examples_rclcpp_multithreaded_executor -- -j12 -l12
[4.087s] DEBUG:colcon.colcon_core.event_handler.log_command:Invoked command in '/home/rastic-smartcity/ros2_ws/build/examples_rclcpp_minimal_timer' returned '0': CMAKE_PREFIX_PATH=${CMAKE_PREFIX_PATH}:/home/rastic-smartcity/ros2_ws/install/turtle_demo_controller:/home/rastic-smartcity/ros2_ws/install/Rastic_seminar_Python:/home/rastic-smartcity/ros2_ws/install/Rastic_seminar_python:/opt/ros/foxy /usr/bin/cmake /home/rastic-smartcity/ros2_ws/src/examples/rclcpp/timers/minimal_timer -DAMENT_CMAKE_SYMLINK_INSTALL=1 -DCMAKE_INSTALL_PREFIX=/home/rastic-smartcity/ros2_ws/install/examples_rclcpp_minimal_timer
[4.094s] DEBUG:colcon.colcon_core.event_handler.log_command:Invoking command in '/home/rastic-smartcity/ros2_ws/build/examples_rclcpp_minimal_timer': CMAKE_PREFIX_PATH=${CMAKE_PREFIX_PATH}:/home/rastic-smartcity/ros2_ws/install/turtle_demo_controller:/home/rastic-smartcity/ros2_ws/install/Rastic_seminar_Python:/home/rastic-smartcity/ros2_ws/install/Rastic_seminar_python:/opt/ros/foxy /usr/bin/cmake --build /home/rastic-smartcity/ros2_ws/build/examples_rclcpp_minimal_timer -- -j12 -l12
[4.101s] DEBUG:colcon.colcon_core.event_handler.log_command:Invoked command in '/home/rastic-smartcity/ros2_ws/build/examples_rclcpp_minimal_service' returned '0': CMAKE_PREFIX_PATH=${CMAKE_PREFIX_PATH}:/home/rastic-smartcity/ros2_ws/install/turtle_demo_controller:/home/rastic-smartcity/ros2_ws/install/Rastic_seminar_Python:/home/rastic-smartcity/ros2_ws/install/Rastic_seminar_python:/opt/ros/foxy /usr/bin/cmake /home/rastic-smartcity/ros2_ws/src/examples/rclcpp/services/minimal_service -DAMENT_CMAKE_SYMLINK_INSTALL=1 -DCMAKE_INSTALL_PREFIX=/home/rastic-smartcity/ros2_ws/install/examples_rclcpp_minimal_service
[4.103s] DEBUG:colcon.colcon_core.event_handler.log_command:Invoking command in '/home/rastic-smartcity/ros2_ws/build/examples_rclcpp_minimal_service': CMAKE_PREFIX_PATH=${CMAKE_PREFIX_PATH}:/home/rastic-smartcity/ros2_ws/install/turtle_demo_controller:/home/rastic-smartcity/ros2_ws/install/Rastic_seminar_Python:/home/rastic-smartcity/ros2_ws/install/Rastic_seminar_python:/opt/ros/foxy /usr/bin/cmake --build /home/rastic-smartcity/ros2_ws/build/examples_rclcpp_minimal_service -- -j12 -l12
[4.129s] DEBUG:colcon.colcon_core.event_handler.log_command:Invoked command in '/home/rastic-smartcity/ros2_ws/build/examples_rclcpp_minimal_composition' returned '0': CMAKE_PREFIX_PATH=${CMAKE_PREFIX_PATH}:/home/rastic-smartcity/ros2_ws/install/turtle_demo_controller:/home/rastic-smartcity/ros2_ws/install/Rastic_seminar_Python:/home/rastic-smartcity/ros2_ws/install/Rastic_seminar_python:/opt/ros/foxy /usr/bin/cmake /home/rastic-smartcity/ros2_ws/src/examples/rclcpp/composition/minimal_composition -DAMENT_CMAKE_SYMLINK_INSTALL=1 -DCMAKE_INSTALL_PREFIX=/home/rastic-smartcity/ros2_ws/install/examples_rclcpp_minimal_composition
[4.130s] DEBUG:colcon.colcon_core.event_handler.log_command:Invoking command in '/home/rastic-smartcity/ros2_ws/build/examples_rclcpp_minimal_composition': CMAKE_PREFIX_PATH=${CMAKE_PREFIX_PATH}:/home/rastic-smartcity/ros2_ws/install/turtle_demo_controller:/home/rastic-smartcity/ros2_ws/install/Rastic_seminar_Python:/home/rastic-smartcity/ros2_ws/install/Rastic_seminar_python:/opt/ros/foxy /usr/bin/cmake --build /home/rastic-smartcity/ros2_ws/build/examples_rclcpp_minimal_composition -- -j12 -l12
[4.753s] INFO:colcon.colcon_core.task.python.build:Building Python package in '/home/rastic-smartcity/ros2_ws/src/examples/rclpy/actions/minimal_action_server'
[4.757s] INFO:colcon.colcon_core.shell:Skip shell extension 'powershell' for command environment: Not usable outside of PowerShell
[4.757s] DEBUG:colcon.colcon_core.shell:Skip shell extension 'dsv' for command environment
[5.508s] INFO:colcon.colcon_core.task.python.build:Building Python package in '/home/rastic-smartcity/ros2_ws/src/examples/rclpy/services/minimal_client'
[5.509s] INFO:colcon.colcon_core.shell:Skip shell extension 'powershell' for command environment: Not usable outside of PowerShell
[5.509s] DEBUG:colcon.colcon_core.shell:Skip shell extension 'dsv' for command environment
[5.546s] DEBUG:colcon.colcon_core.event_handler.log_command:Invoked command in '/home/rastic-smartcity/ros2_ws/build/examples_rclcpp_minimal_client' returned '0': CMAKE_PREFIX_PATH=${CMAKE_PREFIX_PATH}:/home/rastic-smartcity/ros2_ws/install/turtle_demo_controller:/home/rastic-smartcity/ros2_ws/install/Rastic_seminar_Python:/home/rastic-smartcity/ros2_ws/install/Rastic_seminar_python:/opt/ros/foxy /usr/bin/cmake /home/rastic-smartcity/ros2_ws/src/examples/rclcpp/services/minimal_client -DAMENT_CMAKE_SYMLINK_INSTALL=1 -DCMAKE_INSTALL_PREFIX=/home/rastic-smartcity/ros2_ws/install/examples_rclcpp_minimal_client
[5.547s] DEBUG:colcon.colcon_core.event_handler.log_command:Invoking command in '/home/rastic-smartcity/ros2_ws/build/examples_rclcpp_minimal_client': CMAKE_PREFIX_PATH=${CMAKE_PREFIX_PATH}:/home/rastic-smartcity/ros2_ws/install/turtle_demo_controller:/home/rastic-smartcity/ros2_ws/install/Rastic_seminar_Python:/home/rastic-smartcity/ros2_ws/install/Rastic_seminar_python:/opt/ros/foxy /usr/bin/cmake --build /home/rastic-smartcity/ros2_ws/build/examples_rclcpp_minimal_client -- -j12 -l12
[5.565s] DEBUG:colcon.colcon_core.event_handler.log_command:Invoked command in '/home/rastic-smartcity/ros2_ws/build/examples_rclcpp_minimal_action_server' returned '0': CMAKE_PREFIX_PATH=${CMAKE_PREFIX_PATH}:/home/rastic-smartcity/ros2_ws/install/turtle_demo_controller:/home/rastic-smartcity/ros2_ws/install/Rastic_seminar_Python:/home/rastic-smartcity/ros2_ws/install/Rastic_seminar_python:/opt/ros/foxy /usr/bin/cmake /home/rastic-smartcity/ros2_ws/src/examples/rclcpp/actions/minimal_action_server -DAMENT_CMAKE_SYMLINK_INSTALL=1 -DCMAKE_INSTALL_PREFIX=/home/rastic-smartcity/ros2_ws/install/examples_rclcpp_minimal_action_server
[5.567s] DEBUG:colcon.colcon_core.event_handler.log_command:Invoking command in '/home/rastic-smartcity/ros2_ws/build/examples_rclcpp_minimal_action_server': CMAKE_PREFIX_PATH=${CMAKE_PREFIX_PATH}:/home/rastic-smartcity/ros2_ws/install/turtle_demo_controller:/home/rastic-smartcity/ros2_ws/install/Rastic_seminar_Python:/home/rastic-smartcity/ros2_ws/install/Rastic_seminar_python:/opt/ros/foxy /usr/bin/cmake --build /home/rastic-smartcity/ros2_ws/build/examples_rclcpp_minimal_action_server -- -j12 -l12
[5.650s] DEBUG:colcon.colcon_core.event_handler.log_command:Invoking command in '/home/rastic-smartcity/ros2_ws/build/turtlesim': CMAKE_PREFIX_PATH=${CMAKE_PREFIX_PATH}:/home/rastic-smartcity/ros2_ws/install/turtle_demo_controller:/home/rastic-smartcity/ros2_ws/install/Rastic_seminar_Python:/home/rastic-smartcity/ros2_ws/install/Rastic_seminar_python:/opt/ros/foxy /usr/bin/cmake --install /home/rastic-smartcity/ros2_ws/build/turtlesim
[5.678s] DEBUG:colcon.colcon_core.event_handler.log_command:Invoked command in '/home/rastic-smartcity/ros2_ws/build/examples_rclcpp_minimal_action_client' returned '0': CMAKE_PREFIX_PATH=${CMAKE_PREFIX_PATH}:/home/rastic-smartcity/ros2_ws/install/turtle_demo_controller:/home/rastic-smartcity/ros2_ws/install/Rastic_seminar_Python:/home/rastic-smartcity/ros2_ws/install/Rastic_seminar_python:/opt/ros/foxy /usr/bin/cmake /home/rastic-smartcity/ros2_ws/src/examples/rclcpp/actions/minimal_action_client -DAMENT_CMAKE_SYMLINK_INSTALL=1 -DCMAKE_INSTALL_PREFIX=/home/rastic-smartcity/ros2_ws/install/examples_rclcpp_minimal_action_client
[5.680s] DEBUG:colcon.colcon_core.event_handler.log_command:Invoking command in '/home/rastic-smartcity/ros2_ws/build/examples_rclcpp_minimal_action_client': CMAKE_PREFIX_PATH=${CMAKE_PREFIX_PATH}:/home/rastic-smartcity/ros2_ws/install/turtle_demo_controller:/home/rastic-smartcity/ros2_ws/install/Rastic_seminar_Python:/home/rastic-smartcity/ros2_ws/install/Rastic_seminar_python:/opt/ros/foxy /usr/bin/cmake --build /home/rastic-smartcity/ros2_ws/build/examples_rclcpp_minimal_action_client -- -j12 -l12
[7.326s] DEBUG:colcon.colcon_core.event_handler.log_command:Invoking command in '/home/rastic-smartcity/ros2_ws/build/examples_rclpy_minimal_client': PYTHONPATH=/home/rastic-smartcity/ros2_ws/build/examples_rclpy_minimal_client/prefix_override:/usr/lib/python3/dist-packages/colcon_core/task/python/colcon_distutils_commands:/home/rastic-smartcity/ros2_ws/install/examples_rclpy_minimal_client/lib/python3.8/site-packages:${PYTHONPATH} /usr/bin/python3 -W ignore:setup.py install is deprecated setup.py develop --editable --build-directory /home/rastic-smartcity/ros2_ws/build/examples_rclpy_minimal_client/build --no-deps symlink_data
[7.812s] DEBUG:colcon.colcon_core.event_handler.log_command:Invoking command in '/home/rastic-smartcity/ros2_ws/build/examples_rclpy_minimal_action_server': PYTHONPATH=/home/rastic-smartcity/ros2_ws/build/examples_rclpy_minimal_action_server/prefix_override:/usr/lib/python3/dist-packages/colcon_core/task/python/colcon_distutils_commands:/home/rastic-smartcity/ros2_ws/install/examples_rclpy_minimal_action_server/lib/python3.8/site-packages:${PYTHONPATH} /usr/bin/python3 -W ignore:setup.py install is deprecated setup.py develop --editable --build-directory /home/rastic-smartcity/ros2_ws/build/examples_rclpy_minimal_action_server/build --no-deps symlink_data
[10.283s] DEBUG:colcon.colcon_core.event_handler.log_command:Invoked command in '/home/rastic-smartcity/ros2_ws/build/examples_rclcpp_minimal_service' returned '0': CMAKE_PREFIX_PATH=${CMAKE_PREFIX_PATH}:/home/rastic-smartcity/ros2_ws/install/turtle_demo_controller:/home/rastic-smartcity/ros2_ws/install/Rastic_seminar_Python:/home/rastic-smartcity/ros2_ws/install/Rastic_seminar_python:/opt/ros/foxy /usr/bin/cmake --build /home/rastic-smartcity/ros2_ws/build/examples_rclcpp_minimal_service -- -j12 -l12
[10.450s] DEBUG:colcon.colcon_core.event_handler.log_command:Invoking command in '/home/rastic-smartcity/ros2_ws/build/examples_rclcpp_minimal_service': CMAKE_PREFIX_PATH=${CMAKE_PREFIX_PATH}:/home/rastic-smartcity/ros2_ws/install/turtle_demo_controller:/home/rastic-smartcity/ros2_ws/install/Rastic_seminar_Python:/home/rastic-smartcity/ros2_ws/install/Rastic_seminar_python:/opt/ros/foxy /usr/bin/cmake --install /home/rastic-smartcity/ros2_ws/build/examples_rclcpp_minimal_service
[10.553s] Level 1:colcon.colcon_core.environment:create_environment_scripts_only(turtlesim)
[10.555s] Level 1:colcon.colcon_core.environment:checking '/home/rastic-smartcity/ros2_ws/install/turtlesim' for CMake module files
[10.556s] DEBUG:colcon.colcon_core.event_handler.log_command:Invoked command in '/home/rastic-smartcity/ros2_ws/build/turtlesim' returned '0': CMAKE_PREFIX_PATH=${CMAKE_PREFIX_PATH}:/home/rastic-smartcity/ros2_ws/install/turtle_demo_controller:/home/rastic-smartcity/ros2_ws/install/Rastic_seminar_Python:/home/rastic-smartcity/ros2_ws/install/Rastic_seminar_python:/opt/ros/foxy /usr/bin/cmake --install /home/rastic-smartcity/ros2_ws/build/turtlesim
[10.559s] Level 1:colcon.colcon_core.environment:checking '/home/rastic-smartcity/ros2_ws/install/turtlesim' for CMake config files
[10.564s] Level 1:colcon.colcon_core.shell:create_environment_hook('turtlesim', 'cmake_prefix_path')
[10.565s] INFO:colcon.colcon_core.shell:Creating environment hook '/home/rastic-smartcity/ros2_ws/install/turtlesim/share/turtlesim/hook/cmake_prefix_path.ps1'
[10.566s] INFO:colcon.colcon_core.shell:Creating environment descriptor '/home/rastic-smartcity/ros2_ws/install/turtlesim/share/turtlesim/hook/cmake_prefix_path.dsv'
[10.567s] INFO:colcon.colcon_core.shell:Creating environment hook '/home/rastic-smartcity/ros2_ws/install/turtlesim/share/turtlesim/hook/cmake_prefix_path.sh'
[10.575s] Level 1:colcon.colcon_core.environment:checking '/home/rastic-smartcity/ros2_ws/install/turtlesim/lib'
[10.580s] Level 1:colcon.colcon_core.shell:create_environment_hook('turtlesim', 'ld_library_path_lib')
[10.581s] INFO:colcon.colcon_core.shell:Creating environment hook '/home/rastic-smartcity/ros2_ws/install/turtlesim/share/turtlesim/hook/ld_library_path_lib.ps1'
[10.587s] INFO:colcon.colcon_core.shell:Creating environment descriptor '/home/rastic-smartcity/ros2_ws/install/turtlesim/share/turtlesim/hook/ld_library_path_lib.dsv'
[10.591s] INFO:colcon.colcon_core.shell:Creating environment hook '/home/rastic-smartcity/ros2_ws/install/turtlesim/share/turtlesim/hook/ld_library_path_lib.sh'
[10.594s] Level 1:colcon.colcon_core.environment:checking '/home/rastic-smartcity/ros2_ws/install/turtlesim/bin'
[10.594s] Level 1:colcon.colcon_core.environment:checking '/home/rastic-smartcity/ros2_ws/install/turtlesim/lib/pkgconfig/turtlesim.pc'
[10.598s] Level 1:colcon.colcon_core.environment:checking '/home/rastic-smartcity/ros2_ws/install/turtlesim/lib/python3.8/site-packages'
[10.598s] Level 1:colcon.colcon_core.shell:create_environment_hook('turtlesim', 'pythonpath')
[10.600s] INFO:colcon.colcon_core.shell:Creating environment hook '/home/rastic-smartcity/ros2_ws/install/turtlesim/share/turtlesim/hook/pythonpath.ps1'
[10.603s] INFO:colcon.colcon_core.shell:Creating environment descriptor '/home/rastic-smartcity/ros2_ws/install/turtlesim/share/turtlesim/hook/pythonpath.dsv'
[10.614s] INFO:colcon.colcon_core.shell:Creating environment hook '/home/rastic-smartcity/ros2_ws/install/turtlesim/share/turtlesim/hook/pythonpath.sh'
[10.617s] Level 1:colcon.colcon_core.environment:checking '/home/rastic-smartcity/ros2_ws/install/turtlesim/bin'
[10.626s] INFO:colcon.colcon_core.shell:Creating package script '/home/rastic-smartcity/ros2_ws/install/turtlesim/share/turtlesim/package.ps1'
[10.631s] INFO:colcon.colcon_core.shell:Creating package descriptor '/home/rastic-smartcity/ros2_ws/install/turtlesim/share/turtlesim/package.dsv'
[10.638s] INFO:colcon.colcon_core.shell:Creating package script '/home/rastic-smartcity/ros2_ws/install/turtlesim/share/turtlesim/package.sh'
[10.643s] INFO:colcon.colcon_core.shell:Creating package script '/home/rastic-smartcity/ros2_ws/install/turtlesim/share/turtlesim/package.bash'
[10.647s] INFO:colcon.colcon_core.shell:Creating package script '/home/rastic-smartcity/ros2_ws/install/turtlesim/share/turtlesim/package.zsh'
[10.650s] Level 1:colcon.colcon_core.environment:create_file_with_runtime_dependencies(/home/rastic-smartcity/ros2_ws/install/turtlesim/share/colcon-core/packages/turtlesim)
[11.208s] Level 1:colcon.colcon_core.environment:create_environment_scripts_only(turtlesim)
[11.209s] Level 1:colcon.colcon_core.environment:checking '/home/rastic-smartcity/ros2_ws/install/turtlesim' for CMake module files
[11.211s] Level 1:colcon.colcon_core.environment:checking '/home/rastic-smartcity/ros2_ws/install/turtlesim' for CMake config files
[11.214s] Level 1:colcon.colcon_core.shell:create_environment_hook('turtlesim', 'cmake_prefix_path')
[11.215s] INFO:colcon.colcon_core.shell:Creating environment hook '/home/rastic-smartcity/ros2_ws/install/turtlesim/share/turtlesim/hook/cmake_prefix_path.ps1'
[11.217s] INFO:colcon.colcon_core.shell:Creating environment descriptor '/home/rastic-smartcity/ros2_ws/install/turtlesim/share/turtlesim/hook/cmake_prefix_path.dsv'
[11.217s] INFO:colcon.colcon_core.shell:Creating environment hook '/home/rastic-smartcity/ros2_ws/install/turtlesim/share/turtlesim/hook/cmake_prefix_path.sh'
[11.219s] Level 1:colcon.colcon_core.environment:checking '/home/rastic-smartcity/ros2_ws/install/turtlesim/lib'
[11.219s] Level 1:colcon.colcon_core.shell:create_environment_hook('turtlesim', 'ld_library_path_lib')
[11.220s] INFO:colcon.colcon_core.shell:Creating environment hook '/home/rastic-smartcity/ros2_ws/install/turtlesim/share/turtlesim/hook/ld_library_path_lib.ps1'
[11.221s] INFO:colcon.colcon_core.shell:Creating environment descriptor '/home/rastic-smartcity/ros2_ws/install/turtlesim/share/turtlesim/hook/ld_library_path_lib.dsv'
[11.222s] INFO:colcon.colcon_core.shell:Creating environment hook '/home/rastic-smartcity/ros2_ws/install/turtlesim/share/turtlesim/hook/ld_library_path_lib.sh'
[11.223s] Level 1:colcon.colcon_core.environment:checking '/home/rastic-smartcity/ros2_ws/install/turtlesim/bin'
[11.223s] Level 1:colcon.colcon_core.environment:checking '/home/rastic-smartcity/ros2_ws/install/turtlesim/lib/pkgconfig/turtlesim.pc'
[11.223s] Level 1:colcon.colcon_core.environment:checking '/home/rastic-smartcity/ros2_ws/install/turtlesim/lib/python3.8/site-packages'
[11.223s] Level 1:colcon.colcon_core.shell:create_environment_hook('turtlesim', 'pythonpath')
[11.224s] INFO:colcon.colcon_core.shell:Creating environment hook '/home/rastic-smartcity/ros2_ws/install/turtlesim/share/turtlesim/hook/pythonpath.ps1'
[11.225s] INFO:colcon.colcon_core.shell:Creating environment descriptor '/home/rastic-smartcity/ros2_ws/install/turtlesim/share/turtlesim/hook/pythonpath.dsv'
[11.240s] INFO:colcon.colcon_core.shell:Creating environment hook '/home/rastic-smartcity/ros2_ws/install/turtlesim/share/turtlesim/hook/pythonpath.sh'
[11.244s] Level 1:colcon.colcon_core.environment:checking '/home/rastic-smartcity/ros2_ws/install/turtlesim/bin'
[11.245s] INFO:colcon.colcon_core.shell:Creating package script '/home/rastic-smartcity/ros2_ws/install/turtlesim/share/turtlesim/package.ps1'
[11.246s] INFO:colcon.colcon_core.shell:Creating package descriptor '/home/rastic-smartcity/ros2_ws/install/turtlesim/share/turtlesim/package.dsv'
[11.247s] INFO:colcon.colcon_core.shell:Creating package script '/home/rastic-smartcity/ros2_ws/install/turtlesim/share/turtlesim/package.sh'
[11.248s] INFO:colcon.colcon_core.shell:Creating package script '/home/rastic-smartcity/ros2_ws/install/turtlesim/share/turtlesim/package.bash'
[11.249s] INFO:colcon.colcon_core.shell:Creating package script '/home/rastic-smartcity/ros2_ws/install/turtlesim/share/turtlesim/package.zsh'
[11.250s] Level 1:colcon.colcon_core.environment:create_file_with_runtime_dependencies(/home/rastic-smartcity/ros2_ws/install/turtlesim/share/colcon-core/packages/turtlesim)
[11.253s] INFO:colcon.colcon_ros.task.ament_python.build:Building ROS package in '/home/rastic-smartcity/ros2_ws/src/examples/rclpy/topics/minimal_publisher' with build type 'ament_python'
[11.253s] Level 1:colcon.colcon_core.shell:create_environment_hook('examples_rclpy_minimal_publisher', 'ament_prefix_path')
[11.254s] INFO:colcon.colcon_core.shell:Creating environment hook '/home/rastic-smartcity/ros2_ws/install/examples_rclpy_minimal_publisher/share/examples_rclpy_minimal_publisher/hook/ament_prefix_path.ps1'
[11.255s] INFO:colcon.colcon_core.shell:Creating environment descriptor '/home/rastic-smartcity/ros2_ws/install/examples_rclpy_minimal_publisher/share/examples_rclpy_minimal_publisher/hook/ament_prefix_path.dsv'
[11.256s] INFO:colcon.colcon_core.shell:Creating environment hook '/home/rastic-smartcity/ros2_ws/install/examples_rclpy_minimal_publisher/share/examples_rclpy_minimal_publisher/hook/ament_prefix_path.sh'
[11.257s] INFO:colcon.colcon_core.shell:Skip shell extension 'powershell' for command environment: Not usable outside of PowerShell
[11.257s] DEBUG:colcon.colcon_core.shell:Skip shell extension 'dsv' for command environment
[12.114s] INFO:colcon.colcon_core.task.python.build:Building Python package in '/home/rastic-smartcity/ros2_ws/src/examples/rclpy/topics/minimal_publisher'
[12.115s] INFO:colcon.colcon_core.shell:Skip shell extension 'powershell' for command environment: Not usable outside of PowerShell
[12.115s] DEBUG:colcon.colcon_core.shell:Skip shell extension 'dsv' for command environment
[12.509s] DEBUG:colcon.colcon_core.event_handler.log_command:Invoked command in '/home/rastic-smartcity/ros2_ws/build/examples_rclcpp_minimal_timer' returned '0': CMAKE_PREFIX_PATH=${CMAKE_PREFIX_PATH}:/home/rastic-smartcity/ros2_ws/install/turtle_demo_controller:/home/rastic-smartcity/ros2_ws/install/Rastic_seminar_Python:/home/rastic-smartcity/ros2_ws/install/Rastic_seminar_python:/opt/ros/foxy /usr/bin/cmake --build /home/rastic-smartcity/ros2_ws/build/examples_rclcpp_minimal_timer -- -j12 -l12
[12.533s] Level 1:colcon.colcon_core.shell:create_environment_hook('examples_rclpy_minimal_action_server', 'pythonpath_develop')
[12.534s] INFO:colcon.colcon_core.shell:Creating environment hook '/home/rastic-smartcity/ros2_ws/build/examples_rclpy_minimal_action_server/share/examples_rclpy_minimal_action_server/hook/pythonpath_develop.ps1'
[12.535s] INFO:colcon.colcon_core.shell:Creating environment descriptor '/home/rastic-smartcity/ros2_ws/build/examples_rclpy_minimal_action_server/share/examples_rclpy_minimal_action_server/hook/pythonpath_develop.dsv'
[12.536s] INFO:colcon.colcon_core.shell:Creating environment hook '/home/rastic-smartcity/ros2_ws/build/examples_rclpy_minimal_action_server/share/examples_rclpy_minimal_action_server/hook/pythonpath_develop.sh'
[12.537s] Level 1:colcon.colcon_core.environment:checking '/home/rastic-smartcity/ros2_ws/install/examples_rclpy_minimal_action_server' for CMake module files
[12.539s] Level 1:colcon.colcon_core.environment:checking '/home/rastic-smartcity/ros2_ws/install/examples_rclpy_minimal_action_server' for CMake config files
[12.540s] Level 1:colcon.colcon_core.environment:checking '/home/rastic-smartcity/ros2_ws/install/examples_rclpy_minimal_action_server/lib'
[12.540s] Level 1:colcon.colcon_core.environment:checking '/home/rastic-smartcity/ros2_ws/install/examples_rclpy_minimal_action_server/bin'
[12.540s] Level 1:colcon.colcon_core.environment:checking '/home/rastic-smartcity/ros2_ws/install/examples_rclpy_minimal_action_server/lib/pkgconfig/examples_rclpy_minimal_action_server.pc'
[12.541s] Level 1:colcon.colcon_core.environment:checking '/home/rastic-smartcity/ros2_ws/install/examples_rclpy_minimal_action_server/lib/python3.8/site-packages'
[12.541s] Level 1:colcon.colcon_core.shell:create_environment_hook('examples_rclpy_minimal_action_server', 'pythonpath')
[12.541s] INFO:colcon.colcon_core.shell:Creating environment hook '/home/rastic-smartcity/ros2_ws/install/examples_rclpy_minimal_action_server/share/examples_rclpy_minimal_action_server/hook/pythonpath.ps1'
[12.544s] DEBUG:colcon.colcon_core.event_handler.log_command:Invoked command in '/home/rastic-smartcity/ros2_ws/build/examples_rclpy_minimal_action_server' returned '0': PYTHONPATH=/home/rastic-smartcity/ros2_ws/build/examples_rclpy_minimal_action_server/prefix_override:/usr/lib/python3/dist-packages/colcon_core/task/python/colcon_distutils_commands:/home/rastic-smartcity/ros2_ws/install/examples_rclpy_minimal_action_server/lib/python3.8/site-packages:${PYTHONPATH} /usr/bin/python3 -W ignore:setup.py install is deprecated setup.py develop --editable --build-directory /home/rastic-smartcity/ros2_ws/build/examples_rclpy_minimal_action_server/build --no-deps symlink_data
[12.546s] INFO:colcon.colcon_core.shell:Creating environment descriptor '/home/rastic-smartcity/ros2_ws/install/examples_rclpy_minimal_action_server/share/examples_rclpy_minimal_action_server/hook/pythonpath.dsv'
[12.547s] INFO:colcon.colcon_core.shell:Creating environment hook '/home/rastic-smartcity/ros2_ws/install/examples_rclpy_minimal_action_server/share/examples_rclpy_minimal_action_server/hook/pythonpath.sh'
[12.548s] Level 1:colcon.colcon_core.environment:checking '/home/rastic-smartcity/ros2_ws/install/examples_rclpy_minimal_action_server/bin'
[12.548s] Level 1:colcon.colcon_core.environment:create_environment_scripts_only(examples_rclpy_minimal_action_server)
[12.549s] INFO:colcon.colcon_core.shell:Creating package script '/home/rastic-smartcity/ros2_ws/install/examples_rclpy_minimal_action_server/share/examples_rclpy_minimal_action_server/package.ps1'
[12.550s] INFO:colcon.colcon_core.shell:Creating package descriptor '/home/rastic-smartcity/ros2_ws/install/examples_rclpy_minimal_action_server/share/examples_rclpy_minimal_action_server/package.dsv'
[12.567s] INFO:colcon.colcon_core.shell:Creating package script '/home/rastic-smartcity/ros2_ws/install/examples_rclpy_minimal_action_server/share/examples_rclpy_minimal_action_server/package.sh'
[12.569s] INFO:colcon.colcon_core.shell:Creating package script '/home/rastic-smartcity/ros2_ws/install/examples_rclpy_minimal_action_server/share/examples_rclpy_minimal_action_server/package.bash'
[12.570s] INFO:colcon.colcon_core.shell:Creating package script '/home/rastic-smartcity/ros2_ws/install/examples_rclpy_minimal_action_server/share/examples_rclpy_minimal_action_server/package.zsh'
[12.570s] Level 1:colcon.colcon_core.environment:create_file_with_runtime_dependencies(/home/rastic-smartcity/ros2_ws/install/examples_rclpy_minimal_action_server/share/colcon-core/packages/examples_rclpy_minimal_action_server)
[12.577s] Level 1:colcon.colcon_core.environment:create_environment_scripts_only(examples_rclcpp_minimal_service)
[12.578s] DEBUG:colcon.colcon_core.event_handler.log_command:Invoked command in '/home/rastic-smartcity/ros2_ws/build/examples_rclcpp_minimal_service' returned '0': CMAKE_PREFIX_PATH=${CMAKE_PREFIX_PATH}:/home/rastic-smartcity/ros2_ws/install/turtle_demo_controller:/home/rastic-smartcity/ros2_ws/install/Rastic_seminar_Python:/home/rastic-smartcity/ros2_ws/install/Rastic_seminar_python:/opt/ros/foxy /usr/bin/cmake --install /home/rastic-smartcity/ros2_ws/build/examples_rclcpp_minimal_service
[12.578s] Level 1:colcon.colcon_core.environment:checking '/home/rastic-smartcity/ros2_ws/install/examples_rclcpp_minimal_service' for CMake module files
[12.580s] Level 1:colcon.colcon_core.environment:checking '/home/rastic-smartcity/ros2_ws/install/examples_rclcpp_minimal_service' for CMake config files
[12.581s] Level 1:colcon.colcon_core.shell:create_environment_hook('examples_rclcpp_minimal_service', 'cmake_prefix_path')
[12.582s] INFO:colcon.colcon_core.shell:Creating environment hook '/home/rastic-smartcity/ros2_ws/install/examples_rclcpp_minimal_service/share/examples_rclcpp_minimal_service/hook/cmake_prefix_path.ps1'
[12.583s] INFO:colcon.colcon_core.shell:Creating environment descriptor '/home/rastic-smartcity/ros2_ws/install/examples_rclcpp_minimal_service/share/examples_rclcpp_minimal_service/hook/cmake_prefix_path.dsv'
[12.583s] INFO:colcon.colcon_core.shell:Creating environment hook '/home/rastic-smartcity/ros2_ws/install/examples_rclcpp_minimal_service/share/examples_rclcpp_minimal_service/hook/cmake_prefix_path.sh'
[12.584s] Level 1:colcon.colcon_core.environment:checking '/home/rastic-smartcity/ros2_ws/install/examples_rclcpp_minimal_service/lib'
[12.585s] Level 1:colcon.colcon_core.environment:checking '/home/rastic-smartcity/ros2_ws/install/examples_rclcpp_minimal_service/bin'
[12.585s] Level 1:colcon.colcon_core.environment:checking '/home/rastic-smartcity/ros2_ws/install/examples_rclcpp_minimal_service/lib/pkgconfig/examples_rclcpp_minimal_service.pc'
[12.585s] Level 1:colcon.colcon_core.environment:checking '/home/rastic-smartcity/ros2_ws/install/examples_rclcpp_minimal_service/lib/python3.8/site-packages'
[12.585s] Level 1:colcon.colcon_core.environment:checking '/home/rastic-smartcity/ros2_ws/install/examples_rclcpp_minimal_service/bin'
[12.586s] INFO:colcon.colcon_core.shell:Creating package script '/home/rastic-smartcity/ros2_ws/install/examples_rclcpp_minimal_service/share/examples_rclcpp_minimal_service/package.ps1'
[12.587s] INFO:colcon.colcon_core.shell:Creating package descriptor '/home/rastic-smartcity/ros2_ws/install/examples_rclcpp_minimal_service/share/examples_rclcpp_minimal_service/package.dsv'
[12.588s] INFO:colcon.colcon_core.shell:Creating package script '/home/rastic-smartcity/ros2_ws/install/examples_rclcpp_minimal_service/share/examples_rclcpp_minimal_service/package.sh'
[12.589s] INFO:colcon.colcon_core.shell:Creating package script '/home/rastic-smartcity/ros2_ws/install/examples_rclcpp_minimal_service/share/examples_rclcpp_minimal_service/package.bash'
[12.590s] INFO:colcon.colcon_core.shell:Creating package script '/home/rastic-smartcity/ros2_ws/install/examples_rclcpp_minimal_service/share/examples_rclcpp_minimal_service/package.zsh'
[12.590s] Level 1:colcon.colcon_core.environment:create_file_with_runtime_dependencies(/home/rastic-smartcity/ros2_ws/install/examples_rclcpp_minimal_service/share/colcon-core/packages/examples_rclcpp_minimal_service)
[12.652s] Level 1:colcon.colcon_core.shell:create_environment_hook('examples_rclpy_minimal_client', 'pythonpath_develop')
[12.653s] INFO:colcon.colcon_core.shell:Creating environment hook '/home/rastic-smartcity/ros2_ws/build/examples_rclpy_minimal_client/share/examples_rclpy_minimal_client/hook/pythonpath_develop.ps1'
[12.655s] INFO:colcon.colcon_core.shell:Creating environment descriptor '/home/rastic-smartcity/ros2_ws/build/examples_rclpy_minimal_client/share/examples_rclpy_minimal_client/hook/pythonpath_develop.dsv'
[12.656s] INFO:colcon.colcon_core.shell:Creating environment hook '/home/rastic-smartcity/ros2_ws/build/examples_rclpy_minimal_client/share/examples_rclpy_minimal_client/hook/pythonpath_develop.sh'
[12.657s] Level 1:colcon.colcon_core.environment:checking '/home/rastic-smartcity/ros2_ws/install/examples_rclpy_minimal_client' for CMake module files
[12.658s] Level 1:colcon.colcon_core.environment:checking '/home/rastic-smartcity/ros2_ws/install/examples_rclpy_minimal_client' for CMake config files
[12.659s] Level 1:colcon.colcon_core.environment:checking '/home/rastic-smartcity/ros2_ws/install/examples_rclpy_minimal_client/lib'
[12.660s] DEBUG:colcon.colcon_core.event_handler.log_command:Invoked command in '/home/rastic-smartcity/ros2_ws/build/examples_rclpy_minimal_client' returned '0': PYTHONPATH=/home/rastic-smartcity/ros2_ws/build/examples_rclpy_minimal_client/prefix_override:/usr/lib/python3/dist-packages/colcon_core/task/python/colcon_distutils_commands:/home/rastic-smartcity/ros2_ws/install/examples_rclpy_minimal_client/lib/python3.8/site-packages:${PYTHONPATH} /usr/bin/python3 -W ignore:setup.py install is deprecated setup.py develop --editable --build-directory /home/rastic-smartcity/ros2_ws/build/examples_rclpy_minimal_client/build --no-deps symlink_data
[12.660s] Level 1:colcon.colcon_core.environment:checking '/home/rastic-smartcity/ros2_ws/install/examples_rclpy_minimal_client/bin'
[12.660s] Level 1:colcon.colcon_core.environment:checking '/home/rastic-smartcity/ros2_ws/install/examples_rclpy_minimal_client/lib/pkgconfig/examples_rclpy_minimal_client.pc'
[12.661s] Level 1:colcon.colcon_core.environment:checking '/home/rastic-smartcity/ros2_ws/install/examples_rclpy_minimal_client/lib/python3.8/site-packages'
[12.661s] Level 1:colcon.colcon_core.shell:create_environment_hook('examples_rclpy_minimal_client', 'pythonpath')
[12.662s] INFO:colcon.colcon_core.shell:Creating environment hook '/home/rastic-smartcity/ros2_ws/install/examples_rclpy_minimal_client/share/examples_rclpy_minimal_client/hook/pythonpath.ps1'
[12.662s] INFO:colcon.colcon_core.shell:Creating environment descriptor '/home/rastic-smartcity/ros2_ws/install/examples_rclpy_minimal_client/share/examples_rclpy_minimal_client/hook/pythonpath.dsv'
[12.663s] INFO:colcon.colcon_core.shell:Creating environment hook '/home/rastic-smartcity/ros2_ws/install/examples_rclpy_minimal_client/share/examples_rclpy_minimal_client/hook/pythonpath.sh'
[12.664s] Level 1:colcon.colcon_core.environment:checking '/home/rastic-smartcity/ros2_ws/install/examples_rclpy_minimal_client/bin'
[12.664s] Level 1:colcon.colcon_core.environment:create_environment_scripts_only(examples_rclpy_minimal_client)
[12.665s] INFO:colcon.colcon_core.shell:Creating package script '/home/rastic-smartcity/ros2_ws/install/examples_rclpy_minimal_client/share/examples_rclpy_minimal_client/package.ps1'
[12.666s] INFO:colcon.colcon_core.shell:Creating package descriptor '/home/rastic-smartcity/ros2_ws/install/examples_rclpy_minimal_client/share/examples_rclpy_minimal_client/package.dsv'
[12.668s] INFO:colcon.colcon_core.shell:Creating package script '/home/rastic-smartcity/ros2_ws/install/examples_rclpy_minimal_client/share/examples_rclpy_minimal_client/package.sh'
[12.669s] INFO:colcon.colcon_core.shell:Creating package script '/home/rastic-smartcity/ros2_ws/install/examples_rclpy_minimal_client/share/examples_rclpy_minimal_client/package.bash'
[12.669s] INFO:colcon.colcon_core.shell:Creating package script '/home/rastic-smartcity/ros2_ws/install/examples_rclpy_minimal_client/share/examples_rclpy_minimal_client/package.zsh'
[12.670s] Level 1:colcon.colcon_core.environment:create_file_with_runtime_dependencies(/home/rastic-smartcity/ros2_ws/install/examples_rclpy_minimal_client/share/colcon-core/packages/examples_rclpy_minimal_client)
[12.688s] INFO:colcon.colcon_ros.task.ament_python.build:Building ROS package in '/home/rastic-smartcity/ros2_ws/src/examples/rclpy/services/minimal_service' with build type 'ament_python'
[12.689s] Level 1:colcon.colcon_core.shell:create_environment_hook('examples_rclpy_minimal_service', 'ament_prefix_path')
[12.689s] INFO:colcon.colcon_core.shell:Creating environment hook '/home/rastic-smartcity/ros2_ws/install/examples_rclpy_minimal_service/share/examples_rclpy_minimal_service/hook/ament_prefix_path.ps1'
[12.690s] INFO:colcon.colcon_core.shell:Creating environment descriptor '/home/rastic-smartcity/ros2_ws/install/examples_rclpy_minimal_service/share/examples_rclpy_minimal_service/hook/ament_prefix_path.dsv'
[12.691s] INFO:colcon.colcon_core.shell:Creating environment hook '/home/rastic-smartcity/ros2_ws/install/examples_rclpy_minimal_service/share/examples_rclpy_minimal_service/hook/ament_prefix_path.sh'
[12.692s] INFO:colcon.colcon_core.shell:Skip shell extension 'powershell' for command environment: Not usable outside of PowerShell
[12.693s] DEBUG:colcon.colcon_core.shell:Skip shell extension 'dsv' for command environment
[12.743s] INFO:colcon.colcon_ros.task.ament_python.build:Building ROS package in '/home/rastic-smartcity/ros2_ws/src/examples/rclpy/topics/minimal_subscriber' with build type 'ament_python'
[12.744s] Level 1:colcon.colcon_core.shell:create_environment_hook('examples_rclpy_minimal_subscriber', 'ament_prefix_path')
[12.745s] INFO:colcon.colcon_core.shell:Creating environment hook '/home/rastic-smartcity/ros2_ws/install/examples_rclpy_minimal_subscriber/share/examples_rclpy_minimal_subscriber/hook/ament_prefix_path.ps1'
[12.748s] INFO:colcon.colcon_core.shell:Creating environment descriptor '/home/rastic-smartcity/ros2_ws/install/examples_rclpy_minimal_subscriber/share/examples_rclpy_minimal_subscriber/hook/ament_prefix_path.dsv'
[12.749s] INFO:colcon.colcon_core.shell:Creating environment hook '/home/rastic-smartcity/ros2_ws/install/examples_rclpy_minimal_subscriber/share/examples_rclpy_minimal_subscriber/hook/ament_prefix_path.sh'
[12.750s] INFO:colcon.colcon_core.shell:Skip shell extension 'powershell' for command environment: Not usable outside of PowerShell
[12.751s] DEBUG:colcon.colcon_core.shell:Skip shell extension 'dsv' for command environment
[13.902s] INFO:colcon.colcon_core.task.python.build:Building Python package in '/home/rastic-smartcity/ros2_ws/src/examples/rclpy/services/minimal_service'
[13.903s] INFO:colcon.colcon_core.shell:Skip shell extension 'powershell' for command environment: Not usable outside of PowerShell
[13.904s] DEBUG:colcon.colcon_core.shell:Skip shell extension 'dsv' for command environment
[14.849s] INFO:colcon.colcon_core.task.python.build:Building Python package in '/home/rastic-smartcity/ros2_ws/src/examples/rclpy/topics/minimal_subscriber'
[14.851s] INFO:colcon.colcon_core.shell:Skip shell extension 'powershell' for command environment: Not usable outside of PowerShell
[14.851s] DEBUG:colcon.colcon_core.shell:Skip shell extension 'dsv' for command environment
[14.874s] DEBUG:colcon.colcon_core.event_handler.log_command:Invoking command in '/home/rastic-smartcity/ros2_ws/build/examples_rclcpp_minimal_timer': CMAKE_PREFIX_PATH=${CMAKE_PREFIX_PATH}:/home/rastic-smartcity/ros2_ws/install/turtle_demo_controller:/home/rastic-smartcity/ros2_ws/install/Rastic_seminar_Python:/home/rastic-smartcity/ros2_ws/install/Rastic_seminar_python:/opt/ros/foxy /usr/bin/cmake --install /home/rastic-smartcity/ros2_ws/build/examples_rclcpp_minimal_timer
[14.885s] Level 1:colcon.colcon_core.environment:create_environment_scripts_only(examples_rclcpp_minimal_service)
[14.886s] Level 1:colcon.colcon_core.environment:checking '/home/rastic-smartcity/ros2_ws/install/examples_rclcpp_minimal_service' for CMake module files
[14.887s] Level 1:colcon.colcon_core.environment:checking '/home/rastic-smartcity/ros2_ws/install/examples_rclcpp_minimal_service' for CMake config files
[14.888s] Level 1:colcon.colcon_core.shell:create_environment_hook('examples_rclcpp_minimal_service', 'cmake_prefix_path')
[14.888s] INFO:colcon.colcon_core.shell:Creating environment hook '/home/rastic-smartcity/ros2_ws/install/examples_rclcpp_minimal_service/share/examples_rclcpp_minimal_service/hook/cmake_prefix_path.ps1'
[14.890s] INFO:colcon.colcon_core.shell:Creating environment descriptor '/home/rastic-smartcity/ros2_ws/install/examples_rclcpp_minimal_service/share/examples_rclcpp_minimal_service/hook/cmake_prefix_path.dsv'
[14.891s] INFO:colcon.colcon_core.shell:Creating environment hook '/home/rastic-smartcity/ros2_ws/install/examples_rclcpp_minimal_service/share/examples_rclcpp_minimal_service/hook/cmake_prefix_path.sh'
[14.892s] Level 1:colcon.colcon_core.environment:checking '/home/rastic-smartcity/ros2_ws/install/examples_rclcpp_minimal_service/lib'
[14.892s] Level 1:colcon.colcon_core.environment:checking '/home/rastic-smartcity/ros2_ws/install/examples_rclcpp_minimal_service/bin'
[14.892s] Level 1:colcon.colcon_core.environment:checking '/home/rastic-smartcity/ros2_ws/install/examples_rclcpp_minimal_service/lib/pkgconfig/examples_rclcpp_minimal_service.pc'
[14.893s] Level 1:colcon.colcon_core.environment:checking '/home/rastic-smartcity/ros2_ws/install/examples_rclcpp_minimal_service/lib/python3.8/site-packages'
[14.893s] Level 1:colcon.colcon_core.environment:checking '/home/rastic-smartcity/ros2_ws/install/examples_rclcpp_minimal_service/bin'
[14.894s] INFO:colcon.colcon_core.shell:Creating package script '/home/rastic-smartcity/ros2_ws/install/examples_rclcpp_minimal_service/share/examples_rclcpp_minimal_service/package.ps1'
[14.895s] INFO:colcon.colcon_core.shell:Creating package descriptor '/home/rastic-smartcity/ros2_ws/install/examples_rclcpp_minimal_service/share/examples_rclcpp_minimal_service/package.dsv'
[14.896s] INFO:colcon.colcon_core.shell:Creating package script '/home/rastic-smartcity/ros2_ws/install/examples_rclcpp_minimal_service/share/examples_rclcpp_minimal_service/package.sh'
[14.897s] INFO:colcon.colcon_core.shell:Creating package script '/home/rastic-smartcity/ros2_ws/install/examples_rclcpp_minimal_service/share/examples_rclcpp_minimal_service/package.bash'
[14.898s] INFO:colcon.colcon_core.shell:Creating package script '/home/rastic-smartcity/ros2_ws/install/examples_rclcpp_minimal_service/share/examples_rclcpp_minimal_service/package.zsh'
[14.904s] Level 1:colcon.colcon_core.environment:create_file_with_runtime_dependencies(/home/rastic-smartcity/ros2_ws/install/examples_rclcpp_minimal_service/share/colcon-core/packages/examples_rclcpp_minimal_service)
[14.911s] DEBUG:colcon.colcon_core.event_handler.log_command:Invoking command in '/home/rastic-smartcity/ros2_ws/build/examples_rclpy_minimal_publisher': PYTHONPATH=/home/rastic-smartcity/ros2_ws/build/examples_rclpy_minimal_publisher/prefix_override:/usr/lib/python3/dist-packages/colcon_core/task/python/colcon_distutils_commands:/home/rastic-smartcity/ros2_ws/install/examples_rclpy_minimal_publisher/lib/python3.8/site-packages:${PYTHONPATH} /usr/bin/python3 -W ignore:setup.py install is deprecated setup.py develop --editable --build-directory /home/rastic-smartcity/ros2_ws/build/examples_rclpy_minimal_publisher/build --no-deps symlink_data
[14.943s] INFO:colcon.colcon_ros.task.ament_python.build:Building ROS package in '/home/rastic-smartcity/ros2_ws/src/my_package' with build type 'ament_python'
[14.944s] Level 1:colcon.colcon_core.shell:create_environment_hook('my_package', 'ament_prefix_path')
[14.945s] INFO:colcon.colcon_core.shell:Creating environment hook '/home/rastic-smartcity/ros2_ws/install/my_package/share/my_package/hook/ament_prefix_path.ps1'
[14.948s] INFO:colcon.colcon_core.shell:Creating environment descriptor '/home/rastic-smartcity/ros2_ws/install/my_package/share/my_package/hook/ament_prefix_path.dsv'
[14.949s] INFO:colcon.colcon_core.shell:Creating environment hook '/home/rastic-smartcity/ros2_ws/install/my_package/share/my_package/hook/ament_prefix_path.sh'
[14.950s] INFO:colcon.colcon_core.shell:Skip shell extension 'powershell' for command environment: Not usable outside of PowerShell
[14.950s] DEBUG:colcon.colcon_core.shell:Skip shell extension 'dsv' for command environment
[15.003s] DEBUG:colcon.colcon_core.event_handler.log_command:Invoked command in '/home/rastic-smartcity/ros2_ws/build/examples_rclcpp_minimal_publisher' returned '0': CMAKE_PREFIX_PATH=${CMAKE_PREFIX_PATH}:/home/rastic-smartcity/ros2_ws/install/turtle_demo_controller:/home/rastic-smartcity/ros2_ws/install/Rastic_seminar_Python:/home/rastic-smartcity/ros2_ws/install/Rastic_seminar_python:/opt/ros/foxy /usr/bin/cmake --build /home/rastic-smartcity/ros2_ws/build/examples_rclcpp_minimal_publisher -- -j12 -l12
[15.046s] DEBUG:colcon.colcon_core.event_handler.log_command:Invoked command in '/home/rastic-smartcity/ros2_ws/build/examples_rclcpp_minimal_client' returned '0': CMAKE_PREFIX_PATH=${CMAKE_PREFIX_PATH}:/home/rastic-smartcity/ros2_ws/install/turtle_demo_controller:/home/rastic-smartcity/ros2_ws/install/Rastic_seminar_Python:/home/rastic-smartcity/ros2_ws/install/Rastic_seminar_python:/opt/ros/foxy /usr/bin/cmake --build /home/rastic-smartcity/ros2_ws/build/examples_rclcpp_minimal_client -- -j12 -l12
[16.033s] INFO:colcon.colcon_core.task.python.build:Building Python package in '/home/rastic-smartcity/ros2_ws/src/my_package'
[16.034s] INFO:colcon.colcon_core.shell:Skip shell extension 'powershell' for command environment: Not usable outside of PowerShell
[16.034s] DEBUG:colcon.colcon_core.shell:Skip shell extension 'dsv' for command environment
[16.076s] DEBUG:colcon.colcon_core.event_handler.log_command:Invoking command in '/home/rastic-smartcity/ros2_ws/build/examples_rclcpp_minimal_client': CMAKE_PREFIX_PATH=${CMAKE_PREFIX_PATH}:/home/rastic-smartcity/ros2_ws/install/turtle_demo_controller:/home/rastic-smartcity/ros2_ws/install/Rastic_seminar_Python:/home/rastic-smartcity/ros2_ws/install/Rastic_seminar_python:/opt/ros/foxy /usr/bin/cmake --install /home/rastic-smartcity/ros2_ws/build/examples_rclcpp_minimal_client
[16.082s] DEBUG:colcon.colcon_core.event_handler.log_command:Invoking command in '/home/rastic-smartcity/ros2_ws/build/examples_rclcpp_minimal_publisher': CMAKE_PREFIX_PATH=${CMAKE_PREFIX_PATH}:/home/rastic-smartcity/ros2_ws/install/turtle_demo_controller:/home/rastic-smartcity/ros2_ws/install/Rastic_seminar_Python:/home/rastic-smartcity/ros2_ws/install/Rastic_seminar_python:/opt/ros/foxy /usr/bin/cmake --install /home/rastic-smartcity/ros2_ws/build/examples_rclcpp_minimal_publisher
[16.117s] Level 1:colcon.colcon_core.environment:create_environment_scripts_only(examples_rclcpp_minimal_timer)
[16.118s] Level 1:colcon.colcon_core.environment:checking '/home/rastic-smartcity/ros2_ws/install/examples_rclcpp_minimal_timer' for CMake module files
[16.119s] Level 1:colcon.colcon_core.environment:checking '/home/rastic-smartcity/ros2_ws/install/examples_rclcpp_minimal_timer' for CMake config files
[16.120s] Level 1:colcon.colcon_core.shell:create_environment_hook('examples_rclcpp_minimal_timer', 'cmake_prefix_path')
[16.120s] INFO:colcon.colcon_core.shell:Creating environment hook '/home/rastic-smartcity/ros2_ws/install/examples_rclcpp_minimal_timer/share/examples_rclcpp_minimal_timer/hook/cmake_prefix_path.ps1'
[16.122s] INFO:colcon.colcon_core.shell:Creating environment descriptor '/home/rastic-smartcity/ros2_ws/install/examples_rclcpp_minimal_timer/share/examples_rclcpp_minimal_timer/hook/cmake_prefix_path.dsv'
[16.122s] INFO:colcon.colcon_core.shell:Creating environment hook '/home/rastic-smartcity/ros2_ws/install/examples_rclcpp_minimal_timer/share/examples_rclcpp_minimal_timer/hook/cmake_prefix_path.sh'
[16.125s] DEBUG:colcon.colcon_core.event_handler.log_command:Invoked command in '/home/rastic-smartcity/ros2_ws/build/examples_rclcpp_minimal_timer' returned '0': CMAKE_PREFIX_PATH=${CMAKE_PREFIX_PATH}:/home/rastic-smartcity/ros2_ws/install/turtle_demo_controller:/home/rastic-smartcity/ros2_ws/install/Rastic_seminar_Python:/home/rastic-smartcity/ros2_ws/install/Rastic_seminar_python:/opt/ros/foxy /usr/bin/cmake --install /home/rastic-smartcity/ros2_ws/build/examples_rclcpp_minimal_timer
[16.125s] Level 1:colcon.colcon_core.environment:checking '/home/rastic-smartcity/ros2_ws/install/examples_rclcpp_minimal_timer/lib'
[16.125s] Level 1:colcon.colcon_core.environment:checking '/home/rastic-smartcity/ros2_ws/install/examples_rclcpp_minimal_timer/bin'
[16.125s] Level 1:colcon.colcon_core.environment:checking '/home/rastic-smartcity/ros2_ws/install/examples_rclcpp_minimal_timer/lib/pkgconfig/examples_rclcpp_minimal_timer.pc'
[16.126s] Level 1:colcon.colcon_core.environment:checking '/home/rastic-smartcity/ros2_ws/install/examples_rclcpp_minimal_timer/lib/python3.8/site-packages'
[16.126s] Level 1:colcon.colcon_core.environment:checking '/home/rastic-smartcity/ros2_ws/install/examples_rclcpp_minimal_timer/bin'
[16.127s] INFO:colcon.colcon_core.shell:Creating package script '/home/rastic-smartcity/ros2_ws/install/examples_rclcpp_minimal_timer/share/examples_rclcpp_minimal_timer/package.ps1'
[16.128s] INFO:colcon.colcon_core.shell:Creating package descriptor '/home/rastic-smartcity/ros2_ws/install/examples_rclcpp_minimal_timer/share/examples_rclcpp_minimal_timer/package.dsv'
[16.129s] INFO:colcon.colcon_core.shell:Creating package script '/home/rastic-smartcity/ros2_ws/install/examples_rclcpp_minimal_timer/share/examples_rclcpp_minimal_timer/package.sh'
[16.130s] INFO:colcon.colcon_core.shell:Creating package script '/home/rastic-smartcity/ros2_ws/install/examples_rclcpp_minimal_timer/share/examples_rclcpp_minimal_timer/package.bash'
[16.130s] INFO:colcon.colcon_core.shell:Creating package script '/home/rastic-smartcity/ros2_ws/install/examples_rclcpp_minimal_timer/share/examples_rclcpp_minimal_timer/package.zsh'
[16.131s] Level 1:colcon.colcon_core.environment:create_file_with_runtime_dependencies(/home/rastic-smartcity/ros2_ws/install/examples_rclcpp_minimal_timer/share/colcon-core/packages/examples_rclcpp_minimal_timer)
[16.335s] Level 1:colcon.colcon_core.shell:create_environment_hook('examples_rclpy_minimal_publisher', 'pythonpath_develop')
[16.336s] INFO:colcon.colcon_core.shell:Creating environment hook '/home/rastic-smartcity/ros2_ws/build/examples_rclpy_minimal_publisher/share/examples_rclpy_minimal_publisher/hook/pythonpath_develop.ps1'
[16.338s] INFO:colcon.colcon_core.shell:Creating environment descriptor '/home/rastic-smartcity/ros2_ws/build/examples_rclpy_minimal_publisher/share/examples_rclpy_minimal_publisher/hook/pythonpath_develop.dsv'
[16.339s] INFO:colcon.colcon_core.shell:Creating environment hook '/home/rastic-smartcity/ros2_ws/build/examples_rclpy_minimal_publisher/share/examples_rclpy_minimal_publisher/hook/pythonpath_develop.sh'
[16.341s] Level 1:colcon.colcon_core.environment:checking '/home/rastic-smartcity/ros2_ws/install/examples_rclpy_minimal_publisher' for CMake module files
[16.342s] Level 1:colcon.colcon_core.environment:checking '/home/rastic-smartcity/ros2_ws/install/examples_rclpy_minimal_publisher' for CMake config files
[16.343s] Level 1:colcon.colcon_core.environment:checking '/home/rastic-smartcity/ros2_ws/install/examples_rclpy_minimal_publisher/lib'
[16.343s] Level 1:colcon.colcon_core.environment:checking '/home/rastic-smartcity/ros2_ws/install/examples_rclpy_minimal_publisher/bin'
[16.343s] Level 1:colcon.colcon_core.environment:checking '/home/rastic-smartcity/ros2_ws/install/examples_rclpy_minimal_publisher/lib/pkgconfig/examples_rclpy_minimal_publisher.pc'
[16.344s] Level 1:colcon.colcon_core.environment:checking '/home/rastic-smartcity/ros2_ws/install/examples_rclpy_minimal_publisher/lib/python3.8/site-packages'
[16.344s] DEBUG:colcon.colcon_core.event_handler.log_command:Invoked command in '/home/rastic-smartcity/ros2_ws/build/examples_rclpy_minimal_publisher' returned '0': PYTHONPATH=/home/rastic-smartcity/ros2_ws/build/examples_rclpy_minimal_publisher/prefix_override:/usr/lib/python3/dist-packages/colcon_core/task/python/colcon_distutils_commands:/home/rastic-smartcity/ros2_ws/install/examples_rclpy_minimal_publisher/lib/python3.8/site-packages:${PYTHONPATH} /usr/bin/python3 -W ignore:setup.py install is deprecated setup.py develop --editable --build-directory /home/rastic-smartcity/ros2_ws/build/examples_rclpy_minimal_publisher/build --no-deps symlink_data
[16.345s] Level 1:colcon.colcon_core.shell:create_environment_hook('examples_rclpy_minimal_publisher', 'pythonpath')
[16.345s] INFO:colcon.colcon_core.shell:Creating environment hook '/home/rastic-smartcity/ros2_ws/install/examples_rclpy_minimal_publisher/share/examples_rclpy_minimal_publisher/hook/pythonpath.ps1'
[16.346s] INFO:colcon.colcon_core.shell:Creating environment descriptor '/home/rastic-smartcity/ros2_ws/install/examples_rclpy_minimal_publisher/share/examples_rclpy_minimal_publisher/hook/pythonpath.dsv'
[16.347s] INFO:colcon.colcon_core.shell:Creating environment hook '/home/rastic-smartcity/ros2_ws/install/examples_rclpy_minimal_publisher/share/examples_rclpy_minimal_publisher/hook/pythonpath.sh'
[16.348s] Level 1:colcon.colcon_core.environment:checking '/home/rastic-smartcity/ros2_ws/install/examples_rclpy_minimal_publisher/bin'
[16.348s] Level 1:colcon.colcon_core.environment:create_environment_scripts_only(examples_rclpy_minimal_publisher)
[16.349s] INFO:colcon.colcon_core.shell:Creating package script '/home/rastic-smartcity/ros2_ws/install/examples_rclpy_minimal_publisher/share/examples_rclpy_minimal_publisher/package.ps1'
[16.350s] INFO:colcon.colcon_core.shell:Creating package descriptor '/home/rastic-smartcity/ros2_ws/install/examples_rclpy_minimal_publisher/share/examples_rclpy_minimal_publisher/package.dsv'
[16.351s] INFO:colcon.colcon_core.shell:Creating package script '/home/rastic-smartcity/ros2_ws/install/examples_rclpy_minimal_publisher/share/examples_rclpy_minimal_publisher/package.sh'
[16.352s] INFO:colcon.colcon_core.shell:Creating package script '/home/rastic-smartcity/ros2_ws/install/examples_rclpy_minimal_publisher/share/examples_rclpy_minimal_publisher/package.bash'
[16.353s] INFO:colcon.colcon_core.shell:Creating package script '/home/rastic-smartcity/ros2_ws/install/examples_rclpy_minimal_publisher/share/examples_rclpy_minimal_publisher/package.zsh'
[16.353s] Level 1:colcon.colcon_core.environment:create_file_with_runtime_dependencies(/home/rastic-smartcity/ros2_ws/install/examples_rclpy_minimal_publisher/share/colcon-core/packages/examples_rclpy_minimal_publisher)
[16.372s] INFO:colcon.colcon_ros.task.ament_python.build:Building ROS package in '/home/rastic-smartcity/ros2_ws/src/turtle_demo_controller' with build type 'ament_python'
[16.373s] Level 1:colcon.colcon_core.shell:create_environment_hook('turtle_demo_controller', 'ament_prefix_path')
[16.374s] INFO:colcon.colcon_core.shell:Creating environment hook '/home/rastic-smartcity/ros2_ws/install/turtle_demo_controller/share/turtle_demo_controller/hook/ament_prefix_path.ps1'
[16.376s] INFO:colcon.colcon_core.shell:Creating environment descriptor '/home/rastic-smartcity/ros2_ws/install/turtle_demo_controller/share/turtle_demo_controller/hook/ament_prefix_path.dsv'
[16.377s] INFO:colcon.colcon_core.shell:Creating environment hook '/home/rastic-smartcity/ros2_ws/install/turtle_demo_controller/share/turtle_demo_controller/hook/ament_prefix_path.sh'
[16.379s] INFO:colcon.colcon_core.shell:Skip shell extension 'powershell' for command environment: Not usable outside of PowerShell
[16.379s] DEBUG:colcon.colcon_core.shell:Skip shell extension 'dsv' for command environment
[16.431s] DEBUG:colcon.colcon_core.event_handler.log_command:Invoking command in '/home/rastic-smartcity/ros2_ws/build/examples_rclpy_minimal_subscriber': PYTHONPATH=/home/rastic-smartcity/ros2_ws/build/examples_rclpy_minimal_subscriber/prefix_override:/usr/lib/python3/dist-packages/colcon_core/task/python/colcon_distutils_commands:/home/rastic-smartcity/ros2_ws/install/examples_rclpy_minimal_subscriber/lib/python3.8/site-packages:${PYTHONPATH} /usr/bin/python3 -W ignore:setup.py install is deprecated setup.py develop --editable --build-directory /home/rastic-smartcity/ros2_ws/build/examples_rclpy_minimal_subscriber/build --no-deps symlink_data
[16.452s] DEBUG:colcon.colcon_core.event_handler.log_command:Invoking command in '/home/rastic-smartcity/ros2_ws/build/examples_rclpy_minimal_service': PYTHONPATH=/home/rastic-smartcity/ros2_ws/build/examples_rclpy_minimal_service/prefix_override:/usr/lib/python3/dist-packages/colcon_core/task/python/colcon_distutils_commands:/home/rastic-smartcity/ros2_ws/install/examples_rclpy_minimal_service/lib/python3.8/site-packages:${PYTHONPATH} /usr/bin/python3 -W ignore:setup.py install is deprecated setup.py develop --editable --build-directory /home/rastic-smartcity/ros2_ws/build/examples_rclpy_minimal_service/build --no-deps symlink_data
[17.208s] INFO:colcon.colcon_core.task.python.build:Building Python package in '/home/rastic-smartcity/ros2_ws/src/turtle_demo_controller'
[17.209s] INFO:colcon.colcon_core.shell:Skip shell extension 'powershell' for command environment: Not usable outside of PowerShell
[17.209s] DEBUG:colcon.colcon_core.shell:Skip shell extension 'dsv' for command environment
[17.252s] Level 1:colcon.colcon_core.environment:create_environment_scripts_only(examples_rclcpp_minimal_timer)
[17.253s] Level 1:colcon.colcon_core.environment:checking '/home/rastic-smartcity/ros2_ws/install/examples_rclcpp_minimal_timer' for CMake module files
[17.256s] Level 1:colcon.colcon_core.environment:checking '/home/rastic-smartcity/ros2_ws/install/examples_rclcpp_minimal_timer' for CMake config files
[17.257s] Level 1:colcon.colcon_core.shell:create_environment_hook('examples_rclcpp_minimal_timer', 'cmake_prefix_path')
[17.258s] INFO:colcon.colcon_core.shell:Creating environment hook '/home/rastic-smartcity/ros2_ws/install/examples_rclcpp_minimal_timer/share/examples_rclcpp_minimal_timer/hook/cmake_prefix_path.ps1'
[17.259s] INFO:colcon.colcon_core.shell:Creating environment descriptor '/home/rastic-smartcity/ros2_ws/install/examples_rclcpp_minimal_timer/share/examples_rclcpp_minimal_timer/hook/cmake_prefix_path.dsv'
[17.260s] INFO:colcon.colcon_core.shell:Creating environment hook '/home/rastic-smartcity/ros2_ws/install/examples_rclcpp_minimal_timer/share/examples_rclcpp_minimal_timer/hook/cmake_prefix_path.sh'
[17.261s] Level 1:colcon.colcon_core.environment:checking '/home/rastic-smartcity/ros2_ws/install/examples_rclcpp_minimal_timer/lib'
[17.261s] Level 1:colcon.colcon_core.environment:checking '/home/rastic-smartcity/ros2_ws/install/examples_rclcpp_minimal_timer/bin'
[17.262s] Level 1:colcon.colcon_core.environment:checking '/home/rastic-smartcity/ros2_ws/install/examples_rclcpp_minimal_timer/lib/pkgconfig/examples_rclcpp_minimal_timer.pc'
[17.263s] Level 1:colcon.colcon_core.environment:checking '/home/rastic-smartcity/ros2_ws/install/examples_rclcpp_minimal_timer/lib/python3.8/site-packages'
[17.264s] Level 1:colcon.colcon_core.environment:checking '/home/rastic-smartcity/ros2_ws/install/examples_rclcpp_minimal_timer/bin'
[17.265s] INFO:colcon.colcon_core.shell:Creating package script '/home/rastic-smartcity/ros2_ws/install/examples_rclcpp_minimal_timer/share/examples_rclcpp_minimal_timer/package.ps1'
[17.266s] INFO:colcon.colcon_core.shell:Creating package descriptor '/home/rastic-smartcity/ros2_ws/install/examples_rclcpp_minimal_timer/share/examples_rclcpp_minimal_timer/package.dsv'
[17.267s] INFO:colcon.colcon_core.shell:Creating package script '/home/rastic-smartcity/ros2_ws/install/examples_rclcpp_minimal_timer/share/examples_rclcpp_minimal_timer/package.sh'
[17.270s] INFO:colcon.colcon_core.shell:Creating package script '/home/rastic-smartcity/ros2_ws/install/examples_rclcpp_minimal_timer/share/examples_rclcpp_minimal_timer/package.bash'
[17.271s] INFO:colcon.colcon_core.shell:Creating package script '/home/rastic-smartcity/ros2_ws/install/examples_rclcpp_minimal_timer/share/examples_rclcpp_minimal_timer/package.zsh'
[17.271s] Level 1:colcon.colcon_core.environment:create_file_with_runtime_dependencies(/home/rastic-smartcity/ros2_ws/install/examples_rclcpp_minimal_timer/share/colcon-core/packages/examples_rclcpp_minimal_timer)
[17.278s] DEBUG:colcon.colcon_core.event_handler.log_command:Invoked command in '/home/rastic-smartcity/ros2_ws/build/examples_rclcpp_minimal_action_server' returned '0': CMAKE_PREFIX_PATH=${CMAKE_PREFIX_PATH}:/home/rastic-smartcity/ros2_ws/install/turtle_demo_controller:/home/rastic-smartcity/ros2_ws/install/Rastic_seminar_Python:/home/rastic-smartcity/ros2_ws/install/Rastic_seminar_python:/opt/ros/foxy /usr/bin/cmake --build /home/rastic-smartcity/ros2_ws/build/examples_rclcpp_minimal_action_server -- -j12 -l12
[17.280s] Level 1:colcon.colcon_core.environment:create_environment_scripts_only(examples_rclcpp_minimal_client)
[17.281s] DEBUG:colcon.colcon_core.event_handler.log_command:Invoked command in '/home/rastic-smartcity/ros2_ws/build/examples_rclcpp_minimal_client' returned '0': CMAKE_PREFIX_PATH=${CMAKE_PREFIX_PATH}:/home/rastic-smartcity/ros2_ws/install/turtle_demo_controller:/home/rastic-smartcity/ros2_ws/install/Rastic_seminar_Python:/home/rastic-smartcity/ros2_ws/install/Rastic_seminar_python:/opt/ros/foxy /usr/bin/cmake --install /home/rastic-smartcity/ros2_ws/build/examples_rclcpp_minimal_client
[17.282s] Level 1:colcon.colcon_core.environment:checking '/home/rastic-smartcity/ros2_ws/install/examples_rclcpp_minimal_client' for CMake module files
[17.284s] Level 1:colcon.colcon_core.environment:checking '/home/rastic-smartcity/ros2_ws/install/examples_rclcpp_minimal_client' for CMake config files
[17.284s] Level 1:colcon.colcon_core.shell:create_environment_hook('examples_rclcpp_minimal_client', 'cmake_prefix_path')
[17.285s] INFO:colcon.colcon_core.shell:Creating environment hook '/home/rastic-smartcity/ros2_ws/install/examples_rclcpp_minimal_client/share/examples_rclcpp_minimal_client/hook/cmake_prefix_path.ps1'
[17.286s] INFO:colcon.colcon_core.shell:Creating environment descriptor '/home/rastic-smartcity/ros2_ws/install/examples_rclcpp_minimal_client/share/examples_rclcpp_minimal_client/hook/cmake_prefix_path.dsv'
[17.287s] INFO:colcon.colcon_core.shell:Creating environment hook '/home/rastic-smartcity/ros2_ws/install/examples_rclcpp_minimal_client/share/examples_rclcpp_minimal_client/hook/cmake_prefix_path.sh'
[17.289s] Level 1:colcon.colcon_core.environment:checking '/home/rastic-smartcity/ros2_ws/install/examples_rclcpp_minimal_client/lib'
[17.289s] Level 1:colcon.colcon_core.environment:checking '/home/rastic-smartcity/ros2_ws/install/examples_rclcpp_minimal_client/bin'
[17.289s] Level 1:colcon.colcon_core.environment:checking '/home/rastic-smartcity/ros2_ws/install/examples_rclcpp_minimal_client/lib/pkgconfig/examples_rclcpp_minimal_client.pc'
[17.290s] Level 1:colcon.colcon_core.environment:checking '/home/rastic-smartcity/ros2_ws/install/examples_rclcpp_minimal_client/lib/python3.8/site-packages'
[17.290s] Level 1:colcon.colcon_core.environment:checking '/home/rastic-smartcity/ros2_ws/install/examples_rclcpp_minimal_client/bin'
[17.291s] INFO:colcon.colcon_core.shell:Creating package script '/home/rastic-smartcity/ros2_ws/install/examples_rclcpp_minimal_client/share/examples_rclcpp_minimal_client/package.ps1'
[17.292s] INFO:colcon.colcon_core.shell:Creating package descriptor '/home/rastic-smartcity/ros2_ws/install/examples_rclcpp_minimal_client/share/examples_rclcpp_minimal_client/package.dsv'
[17.293s] INFO:colcon.colcon_core.shell:Creating package script '/home/rastic-smartcity/ros2_ws/install/examples_rclcpp_minimal_client/share/examples_rclcpp_minimal_client/package.sh'
[17.294s] INFO:colcon.colcon_core.shell:Creating package script '/home/rastic-smartcity/ros2_ws/install/examples_rclcpp_minimal_client/share/examples_rclcpp_minimal_client/package.bash'
[17.295s] INFO:colcon.colcon_core.shell:Creating package script '/home/rastic-smartcity/ros2_ws/install/examples_rclcpp_minimal_client/share/examples_rclcpp_minimal_client/package.zsh'
[17.296s] Level 1:colcon.colcon_core.environment:create_file_with_runtime_dependencies(/home/rastic-smartcity/ros2_ws/install/examples_rclcpp_minimal_client/share/colcon-core/packages/examples_rclcpp_minimal_client)
[17.308s] Level 1:colcon.colcon_core.environment:create_environment_scripts_only(examples_rclcpp_minimal_publisher)
[17.309s] Level 1:colcon.colcon_core.environment:checking '/home/rastic-smartcity/ros2_ws/install/examples_rclcpp_minimal_publisher' for CMake module files
[17.311s] DEBUG:colcon.colcon_core.event_handler.log_command:Invoked command in '/home/rastic-smartcity/ros2_ws/build/examples_rclcpp_minimal_publisher' returned '0': CMAKE_PREFIX_PATH=${CMAKE_PREFIX_PATH}:/home/rastic-smartcity/ros2_ws/install/turtle_demo_controller:/home/rastic-smartcity/ros2_ws/install/Rastic_seminar_Python:/home/rastic-smartcity/ros2_ws/install/Rastic_seminar_python:/opt/ros/foxy /usr/bin/cmake --install /home/rastic-smartcity/ros2_ws/build/examples_rclcpp_minimal_publisher
[17.311s] Level 1:colcon.colcon_core.environment:checking '/home/rastic-smartcity/ros2_ws/install/examples_rclcpp_minimal_publisher' for CMake config files
[17.312s] Level 1:colcon.colcon_core.shell:create_environment_hook('examples_rclcpp_minimal_publisher', 'cmake_prefix_path')
[17.312s] INFO:colcon.colcon_core.shell:Creating environment hook '/home/rastic-smartcity/ros2_ws/install/examples_rclcpp_minimal_publisher/share/examples_rclcpp_minimal_publisher/hook/cmake_prefix_path.ps1'
[17.314s] INFO:colcon.colcon_core.shell:Creating environment descriptor '/home/rastic-smartcity/ros2_ws/install/examples_rclcpp_minimal_publisher/share/examples_rclcpp_minimal_publisher/hook/cmake_prefix_path.dsv'
[17.315s] INFO:colcon.colcon_core.shell:Creating environment hook '/home/rastic-smartcity/ros2_ws/install/examples_rclcpp_minimal_publisher/share/examples_rclcpp_minimal_publisher/hook/cmake_prefix_path.sh'
[17.316s] Level 1:colcon.colcon_core.environment:checking '/home/rastic-smartcity/ros2_ws/install/examples_rclcpp_minimal_publisher/lib'
[17.316s] Level 1:colcon.colcon_core.environment:checking '/home/rastic-smartcity/ros2_ws/install/examples_rclcpp_minimal_publisher/bin'
[17.316s] Level 1:colcon.colcon_core.environment:checking '/home/rastic-smartcity/ros2_ws/install/examples_rclcpp_minimal_publisher/lib/pkgconfig/examples_rclcpp_minimal_publisher.pc'
[17.317s] Level 1:colcon.colcon_core.environment:checking '/home/rastic-smartcity/ros2_ws/install/examples_rclcpp_minimal_publisher/lib/python3.8/site-packages'
[17.317s] Level 1:colcon.colcon_core.environment:checking '/home/rastic-smartcity/ros2_ws/install/examples_rclcpp_minimal_publisher/bin'
[17.318s] INFO:colcon.colcon_core.shell:Creating package script '/home/rastic-smartcity/ros2_ws/install/examples_rclcpp_minimal_publisher/share/examples_rclcpp_minimal_publisher/package.ps1'
[17.319s] INFO:colcon.colcon_core.shell:Creating package descriptor '/home/rastic-smartcity/ros2_ws/install/examples_rclcpp_minimal_publisher/share/examples_rclcpp_minimal_publisher/package.dsv'
[17.320s] INFO:colcon.colcon_core.shell:Creating package script '/home/rastic-smartcity/ros2_ws/install/examples_rclcpp_minimal_publisher/share/examples_rclcpp_minimal_publisher/package.sh'
[17.321s] INFO:colcon.colcon_core.shell:Creating package script '/home/rastic-smartcity/ros2_ws/install/examples_rclcpp_minimal_publisher/share/examples_rclcpp_minimal_publisher/package.bash'
[17.321s] INFO:colcon.colcon_core.shell:Creating package script '/home/rastic-smartcity/ros2_ws/install/examples_rclcpp_minimal_publisher/share/examples_rclcpp_minimal_publisher/package.zsh'
[17.322s] Level 1:colcon.colcon_core.environment:create_file_with_runtime_dependencies(/home/rastic-smartcity/ros2_ws/install/examples_rclcpp_minimal_publisher/share/colcon-core/packages/examples_rclcpp_minimal_publisher)
[17.342s] Level 1:colcon.colcon_core.environment:create_environment_scripts_only(examples_rclcpp_minimal_client)
[17.342s] Level 1:colcon.colcon_core.environment:checking '/home/rastic-smartcity/ros2_ws/install/examples_rclcpp_minimal_client' for CMake module files
[17.343s] Level 1:colcon.colcon_core.environment:checking '/home/rastic-smartcity/ros2_ws/install/examples_rclcpp_minimal_client' for CMake config files
[17.344s] Level 1:colcon.colcon_core.shell:create_environment_hook('examples_rclcpp_minimal_client', 'cmake_prefix_path')
[17.345s] INFO:colcon.colcon_core.shell:Creating environment hook '/home/rastic-smartcity/ros2_ws/install/examples_rclcpp_minimal_client/share/examples_rclcpp_minimal_client/hook/cmake_prefix_path.ps1'
[17.346s] INFO:colcon.colcon_core.shell:Creating environment descriptor '/home/rastic-smartcity/ros2_ws/install/examples_rclcpp_minimal_client/share/examples_rclcpp_minimal_client/hook/cmake_prefix_path.dsv'
[17.346s] INFO:colcon.colcon_core.shell:Creating environment hook '/home/rastic-smartcity/ros2_ws/install/examples_rclcpp_minimal_client/share/examples_rclcpp_minimal_client/hook/cmake_prefix_path.sh'
[17.348s] Level 1:colcon.colcon_core.environment:checking '/home/rastic-smartcity/ros2_ws/install/examples_rclcpp_minimal_client/lib'
[17.348s] Level 1:colcon.colcon_core.environment:checking '/home/rastic-smartcity/ros2_ws/install/examples_rclcpp_minimal_client/bin'
[17.348s] Level 1:colcon.colcon_core.environment:checking '/home/rastic-smartcity/ros2_ws/install/examples_rclcpp_minimal_client/lib/pkgconfig/examples_rclcpp_minimal_client.pc'
[17.349s] Level 1:colcon.colcon_core.environment:checking '/home/rastic-smartcity/ros2_ws/install/examples_rclcpp_minimal_client/lib/python3.8/site-packages'
[17.349s] Level 1:colcon.colcon_core.environment:checking '/home/rastic-smartcity/ros2_ws/install/examples_rclcpp_minimal_client/bin'
[17.350s] INFO:colcon.colcon_core.shell:Creating package script '/home/rastic-smartcity/ros2_ws/install/examples_rclcpp_minimal_client/share/examples_rclcpp_minimal_client/package.ps1'
[17.363s] INFO:colcon.colcon_core.shell:Creating package descriptor '/home/rastic-smartcity/ros2_ws/install/examples_rclcpp_minimal_client/share/examples_rclcpp_minimal_client/package.dsv'
[17.365s] INFO:colcon.colcon_core.shell:Creating package script '/home/rastic-smartcity/ros2_ws/install/examples_rclcpp_minimal_client/share/examples_rclcpp_minimal_client/package.sh'
[17.366s] INFO:colcon.colcon_core.shell:Creating package script '/home/rastic-smartcity/ros2_ws/install/examples_rclcpp_minimal_client/share/examples_rclcpp_minimal_client/package.bash'
[17.367s] INFO:colcon.colcon_core.shell:Creating package script '/home/rastic-smartcity/ros2_ws/install/examples_rclcpp_minimal_client/share/examples_rclcpp_minimal_client/package.zsh'
[17.368s] Level 1:colcon.colcon_core.environment:create_file_with_runtime_dependencies(/home/rastic-smartcity/ros2_ws/install/examples_rclcpp_minimal_client/share/colcon-core/packages/examples_rclcpp_minimal_client)
[17.375s] DEBUG:colcon.colcon_core.event_handler.log_command:Invoking command in '/home/rastic-smartcity/ros2_ws/build/examples_rclcpp_minimal_action_server': CMAKE_PREFIX_PATH=${CMAKE_PREFIX_PATH}:/home/rastic-smartcity/ros2_ws/install/turtle_demo_controller:/home/rastic-smartcity/ros2_ws/install/Rastic_seminar_Python:/home/rastic-smartcity/ros2_ws/install/Rastic_seminar_python:/opt/ros/foxy /usr/bin/cmake --install /home/rastic-smartcity/ros2_ws/build/examples_rclcpp_minimal_action_server
[17.381s] Level 1:colcon.colcon_core.environment:create_environment_scripts_only(examples_rclcpp_minimal_publisher)
[17.382s] Level 1:colcon.colcon_core.environment:checking '/home/rastic-smartcity/ros2_ws/install/examples_rclcpp_minimal_publisher' for CMake module files
[17.384s] Level 1:colcon.colcon_core.environment:checking '/home/rastic-smartcity/ros2_ws/install/examples_rclcpp_minimal_publisher' for CMake config files
[17.384s] Level 1:colcon.colcon_core.shell:create_environment_hook('examples_rclcpp_minimal_publisher', 'cmake_prefix_path')
[17.385s] INFO:colcon.colcon_core.shell:Creating environment hook '/home/rastic-smartcity/ros2_ws/install/examples_rclcpp_minimal_publisher/share/examples_rclcpp_minimal_publisher/hook/cmake_prefix_path.ps1'
[17.386s] INFO:colcon.colcon_core.shell:Creating environment descriptor '/home/rastic-smartcity/ros2_ws/install/examples_rclcpp_minimal_publisher/share/examples_rclcpp_minimal_publisher/hook/cmake_prefix_path.dsv'
[17.387s] INFO:colcon.colcon_core.shell:Creating environment hook '/home/rastic-smartcity/ros2_ws/install/examples_rclcpp_minimal_publisher/share/examples_rclcpp_minimal_publisher/hook/cmake_prefix_path.sh'
[17.388s] Level 1:colcon.colcon_core.environment:checking '/home/rastic-smartcity/ros2_ws/install/examples_rclcpp_minimal_publisher/lib'
[17.389s] Level 1:colcon.colcon_core.environment:checking '/home/rastic-smartcity/ros2_ws/install/examples_rclcpp_minimal_publisher/bin'
[17.389s] Level 1:colcon.colcon_core.environment:checking '/home/rastic-smartcity/ros2_ws/install/examples_rclcpp_minimal_publisher/lib/pkgconfig/examples_rclcpp_minimal_publisher.pc'
[17.389s] Level 1:colcon.colcon_core.environment:checking '/home/rastic-smartcity/ros2_ws/install/examples_rclcpp_minimal_publisher/lib/python3.8/site-packages'
[17.390s] Level 1:colcon.colcon_core.environment:checking '/home/rastic-smartcity/ros2_ws/install/examples_rclcpp_minimal_publisher/bin'
[17.390s] INFO:colcon.colcon_core.shell:Creating package script '/home/rastic-smartcity/ros2_ws/install/examples_rclcpp_minimal_publisher/share/examples_rclcpp_minimal_publisher/package.ps1'
[17.404s] INFO:colcon.colcon_core.shell:Creating package descriptor '/home/rastic-smartcity/ros2_ws/install/examples_rclcpp_minimal_publisher/share/examples_rclcpp_minimal_publisher/package.dsv'
[17.406s] INFO:colcon.colcon_core.shell:Creating package script '/home/rastic-smartcity/ros2_ws/install/examples_rclcpp_minimal_publisher/share/examples_rclcpp_minimal_publisher/package.sh'
[17.407s] INFO:colcon.colcon_core.shell:Creating package script '/home/rastic-smartcity/ros2_ws/install/examples_rclcpp_minimal_publisher/share/examples_rclcpp_minimal_publisher/package.bash'
[17.416s] INFO:colcon.colcon_core.shell:Creating package script '/home/rastic-smartcity/ros2_ws/install/examples_rclcpp_minimal_publisher/share/examples_rclcpp_minimal_publisher/package.zsh'
[17.418s] Level 1:colcon.colcon_core.environment:create_file_with_runtime_dependencies(/home/rastic-smartcity/ros2_ws/install/examples_rclcpp_minimal_publisher/share/colcon-core/packages/examples_rclcpp_minimal_publisher)
[17.492s] DEBUG:colcon.colcon_core.task.python.build:While undoing a previous installation files outside the Python library path are being ignored: /home/rastic-smartcity/ros2_ws/install/my_package/share/ament_index/resource_index/packages/my_package
[17.492s] DEBUG:colcon.colcon_core.task.python.build:While undoing a previous installation files outside the Python library path are being ignored: /home/rastic-smartcity/ros2_ws/install/my_package/share/my_package/package.xml
[17.493s] DEBUG:colcon.colcon_core.task.python.build:While undoing a previous installation files outside the Python library path are being ignored: /home/rastic-smartcity/ros2_ws/install/my_package/lib/my_package/my_node
[17.500s] DEBUG:colcon.colcon_core.event_handler.log_command:Invoking command in '/home/rastic-smartcity/ros2_ws/build/my_package': PYTHONPATH=/home/rastic-smartcity/ros2_ws/build/my_package/prefix_override:/usr/lib/python3/dist-packages/colcon_core/task/python/colcon_distutils_commands:/home/rastic-smartcity/ros2_ws/install/my_package/lib/python3.8/site-packages:${PYTHONPATH} /usr/bin/python3 -W ignore:setup.py install is deprecated setup.py develop --editable --build-directory /home/rastic-smartcity/ros2_ws/build/my_package/build --no-deps symlink_data --force
[17.711s] Level 1:colcon.colcon_core.shell:create_environment_hook('examples_rclpy_minimal_subscriber', 'pythonpath_develop')
[17.712s] INFO:colcon.colcon_core.shell:Creating environment hook '/home/rastic-smartcity/ros2_ws/build/examples_rclpy_minimal_subscriber/share/examples_rclpy_minimal_subscriber/hook/pythonpath_develop.ps1'
[17.714s] INFO:colcon.colcon_core.shell:Creating environment descriptor '/home/rastic-smartcity/ros2_ws/build/examples_rclpy_minimal_subscriber/share/examples_rclpy_minimal_subscriber/hook/pythonpath_develop.dsv'
[17.714s] INFO:colcon.colcon_core.shell:Creating environment hook '/home/rastic-smartcity/ros2_ws/build/examples_rclpy_minimal_subscriber/share/examples_rclpy_minimal_subscriber/hook/pythonpath_develop.sh'
[17.716s] Level 1:colcon.colcon_core.environment:checking '/home/rastic-smartcity/ros2_ws/install/examples_rclpy_minimal_subscriber' for CMake module files
[17.717s] DEBUG:colcon.colcon_core.event_handler.log_command:Invoked command in '/home/rastic-smartcity/ros2_ws/build/examples_rclpy_minimal_subscriber' returned '0': PYTHONPATH=/home/rastic-smartcity/ros2_ws/build/examples_rclpy_minimal_subscriber/prefix_override:/usr/lib/python3/dist-packages/colcon_core/task/python/colcon_distutils_commands:/home/rastic-smartcity/ros2_ws/install/examples_rclpy_minimal_subscriber/lib/python3.8/site-packages:${PYTHONPATH} /usr/bin/python3 -W ignore:setup.py install is deprecated setup.py develop --editable --build-directory /home/rastic-smartcity/ros2_ws/build/examples_rclpy_minimal_subscriber/build --no-deps symlink_data
[17.718s] Level 1:colcon.colcon_core.environment:checking '/home/rastic-smartcity/ros2_ws/install/examples_rclpy_minimal_subscriber' for CMake config files
[17.719s] Level 1:colcon.colcon_core.environment:checking '/home/rastic-smartcity/ros2_ws/install/examples_rclpy_minimal_subscriber/lib'
[17.719s] Level 1:colcon.colcon_core.environment:checking '/home/rastic-smartcity/ros2_ws/install/examples_rclpy_minimal_subscriber/bin'
[17.719s] Level 1:colcon.colcon_core.environment:checking '/home/rastic-smartcity/ros2_ws/install/examples_rclpy_minimal_subscriber/lib/pkgconfig/examples_rclpy_minimal_subscriber.pc'
[17.720s] Level 1:colcon.colcon_core.environment:checking '/home/rastic-smartcity/ros2_ws/install/examples_rclpy_minimal_subscriber/lib/python3.8/site-packages'
[17.720s] Level 1:colcon.colcon_core.shell:create_environment_hook('examples_rclpy_minimal_subscriber', 'pythonpath')
[17.720s] INFO:colcon.colcon_core.shell:Creating environment hook '/home/rastic-smartcity/ros2_ws/install/examples_rclpy_minimal_subscriber/share/examples_rclpy_minimal_subscriber/hook/pythonpath.ps1'
[17.721s] INFO:colcon.colcon_core.shell:Creating environment descriptor '/home/rastic-smartcity/ros2_ws/install/examples_rclpy_minimal_subscriber/share/examples_rclpy_minimal_subscriber/hook/pythonpath.dsv'
[17.722s] INFO:colcon.colcon_core.shell:Creating environment hook '/home/rastic-smartcity/ros2_ws/install/examples_rclpy_minimal_subscriber/share/examples_rclpy_minimal_subscriber/hook/pythonpath.sh'
[17.723s] Level 1:colcon.colcon_core.environment:checking '/home/rastic-smartcity/ros2_ws/install/examples_rclpy_minimal_subscriber/bin'
[17.723s] Level 1:colcon.colcon_core.environment:create_environment_scripts_only(examples_rclpy_minimal_subscriber)
[17.724s] INFO:colcon.colcon_core.shell:Creating package script '/home/rastic-smartcity/ros2_ws/install/examples_rclpy_minimal_subscriber/share/examples_rclpy_minimal_subscriber/package.ps1'
[17.725s] INFO:colcon.colcon_core.shell:Creating package descriptor '/home/rastic-smartcity/ros2_ws/install/examples_rclpy_minimal_subscriber/share/examples_rclpy_minimal_subscriber/package.dsv'
[17.727s] INFO:colcon.colcon_core.shell:Creating package script '/home/rastic-smartcity/ros2_ws/install/examples_rclpy_minimal_subscriber/share/examples_rclpy_minimal_subscriber/package.sh'
[17.728s] INFO:colcon.colcon_core.shell:Creating package script '/home/rastic-smartcity/ros2_ws/install/examples_rclpy_minimal_subscriber/share/examples_rclpy_minimal_subscriber/package.bash'
[17.729s] INFO:colcon.colcon_core.shell:Creating package script '/home/rastic-smartcity/ros2_ws/install/examples_rclpy_minimal_subscriber/share/examples_rclpy_minimal_subscriber/package.zsh'
[17.730s] Level 1:colcon.colcon_core.environment:create_file_with_runtime_dependencies(/home/rastic-smartcity/ros2_ws/install/examples_rclpy_minimal_subscriber/share/colcon-core/packages/examples_rclpy_minimal_subscriber)
[17.738s] Level 1:colcon.colcon_core.shell:create_environment_hook('examples_rclpy_minimal_service', 'pythonpath_develop')
[17.739s] DEBUG:colcon.colcon_core.event_handler.log_command:Invoked command in '/home/rastic-smartcity/ros2_ws/build/examples_rclpy_minimal_service' returned '0': PYTHONPATH=/home/rastic-smartcity/ros2_ws/build/examples_rclpy_minimal_service/prefix_override:/usr/lib/python3/dist-packages/colcon_core/task/python/colcon_distutils_commands:/home/rastic-smartcity/ros2_ws/install/examples_rclpy_minimal_service/lib/python3.8/site-packages:${PYTHONPATH} /usr/bin/python3 -W ignore:setup.py install is deprecated setup.py develop --editable --build-directory /home/rastic-smartcity/ros2_ws/build/examples_rclpy_minimal_service/build --no-deps symlink_data
[17.739s] INFO:colcon.colcon_core.shell:Creating environment hook '/home/rastic-smartcity/ros2_ws/build/examples_rclpy_minimal_service/share/examples_rclpy_minimal_service/hook/pythonpath_develop.ps1'
[17.740s] INFO:colcon.colcon_core.shell:Creating environment descriptor '/home/rastic-smartcity/ros2_ws/build/examples_rclpy_minimal_service/share/examples_rclpy_minimal_service/hook/pythonpath_develop.dsv'
[17.741s] INFO:colcon.colcon_core.shell:Creating environment hook '/home/rastic-smartcity/ros2_ws/build/examples_rclpy_minimal_service/share/examples_rclpy_minimal_service/hook/pythonpath_develop.sh'
[17.742s] Level 1:colcon.colcon_core.environment:checking '/home/rastic-smartcity/ros2_ws/install/examples_rclpy_minimal_service' for CMake module files
[17.742s] Level 1:colcon.colcon_core.environment:checking '/home/rastic-smartcity/ros2_ws/install/examples_rclpy_minimal_service' for CMake config files
[17.743s] Level 1:colcon.colcon_core.environment:checking '/home/rastic-smartcity/ros2_ws/install/examples_rclpy_minimal_service/lib'
[17.743s] Level 1:colcon.colcon_core.environment:checking '/home/rastic-smartcity/ros2_ws/install/examples_rclpy_minimal_service/bin'
[17.743s] Level 1:colcon.colcon_core.environment:checking '/home/rastic-smartcity/ros2_ws/install/examples_rclpy_minimal_service/lib/pkgconfig/examples_rclpy_minimal_service.pc'
[17.743s] Level 1:colcon.colcon_core.environment:checking '/home/rastic-smartcity/ros2_ws/install/examples_rclpy_minimal_service/lib/python3.8/site-packages'
[17.744s] Level 1:colcon.colcon_core.shell:create_environment_hook('examples_rclpy_minimal_service', 'pythonpath')
[17.744s] INFO:colcon.colcon_core.shell:Creating environment hook '/home/rastic-smartcity/ros2_ws/install/examples_rclpy_minimal_service/share/examples_rclpy_minimal_service/hook/pythonpath.ps1'
[17.744s] INFO:colcon.colcon_core.shell:Creating environment descriptor '/home/rastic-smartcity/ros2_ws/install/examples_rclpy_minimal_service/share/examples_rclpy_minimal_service/hook/pythonpath.dsv'
[17.745s] INFO:colcon.colcon_core.shell:Creating environment hook '/home/rastic-smartcity/ros2_ws/install/examples_rclpy_minimal_service/share/examples_rclpy_minimal_service/hook/pythonpath.sh'
[17.746s] Level 1:colcon.colcon_core.environment:checking '/home/rastic-smartcity/ros2_ws/install/examples_rclpy_minimal_service/bin'
[17.746s] Level 1:colcon.colcon_core.environment:create_environment_scripts_only(examples_rclpy_minimal_service)
[17.746s] INFO:colcon.colcon_core.shell:Creating package script '/home/rastic-smartcity/ros2_ws/install/examples_rclpy_minimal_service/share/examples_rclpy_minimal_service/package.ps1'
[17.747s] INFO:colcon.colcon_core.shell:Creating package descriptor '/home/rastic-smartcity/ros2_ws/install/examples_rclpy_minimal_service/share/examples_rclpy_minimal_service/package.dsv'
[17.748s] INFO:colcon.colcon_core.shell:Creating package script '/home/rastic-smartcity/ros2_ws/install/examples_rclpy_minimal_service/share/examples_rclpy_minimal_service/package.sh'
[17.748s] INFO:colcon.colcon_core.shell:Creating package script '/home/rastic-smartcity/ros2_ws/install/examples_rclpy_minimal_service/share/examples_rclpy_minimal_service/package.bash'
[17.749s] INFO:colcon.colcon_core.shell:Creating package script '/home/rastic-smartcity/ros2_ws/install/examples_rclpy_minimal_service/share/examples_rclpy_minimal_service/package.zsh'
[17.750s] Level 1:colcon.colcon_core.environment:create_file_with_runtime_dependencies(/home/rastic-smartcity/ros2_ws/install/examples_rclpy_minimal_service/share/colcon-core/packages/examples_rclpy_minimal_service)
[17.773s] Level 1:colcon.colcon_core.environment:create_environment_scripts_only(examples_rclcpp_minimal_action_server)
[17.774s] Level 1:colcon.colcon_core.environment:checking '/home/rastic-smartcity/ros2_ws/install/examples_rclcpp_minimal_action_server' for CMake module files
[17.775s] DEBUG:colcon.colcon_core.event_handler.log_command:Invoked command in '/home/rastic-smartcity/ros2_ws/build/examples_rclcpp_minimal_action_server' returned '0': CMAKE_PREFIX_PATH=${CMAKE_PREFIX_PATH}:/home/rastic-smartcity/ros2_ws/install/turtle_demo_controller:/home/rastic-smartcity/ros2_ws/install/Rastic_seminar_Python:/home/rastic-smartcity/ros2_ws/install/Rastic_seminar_python:/opt/ros/foxy /usr/bin/cmake --install /home/rastic-smartcity/ros2_ws/build/examples_rclcpp_minimal_action_server
[17.775s] Level 1:colcon.colcon_core.environment:checking '/home/rastic-smartcity/ros2_ws/install/examples_rclcpp_minimal_action_server' for CMake config files
[17.776s] Level 1:colcon.colcon_core.shell:create_environment_hook('examples_rclcpp_minimal_action_server', 'cmake_prefix_path')
[17.777s] INFO:colcon.colcon_core.shell:Creating environment hook '/home/rastic-smartcity/ros2_ws/install/examples_rclcpp_minimal_action_server/share/examples_rclcpp_minimal_action_server/hook/cmake_prefix_path.ps1'
[17.778s] INFO:colcon.colcon_core.shell:Creating environment descriptor '/home/rastic-smartcity/ros2_ws/install/examples_rclcpp_minimal_action_server/share/examples_rclcpp_minimal_action_server/hook/cmake_prefix_path.dsv'
[17.778s] INFO:colcon.colcon_core.shell:Creating environment hook '/home/rastic-smartcity/ros2_ws/install/examples_rclcpp_minimal_action_server/share/examples_rclcpp_minimal_action_server/hook/cmake_prefix_path.sh'
[17.779s] Level 1:colcon.colcon_core.environment:checking '/home/rastic-smartcity/ros2_ws/install/examples_rclcpp_minimal_action_server/lib'
[17.780s] Level 1:colcon.colcon_core.environment:checking '/home/rastic-smartcity/ros2_ws/install/examples_rclcpp_minimal_action_server/bin'
[17.780s] Level 1:colcon.colcon_core.environment:checking '/home/rastic-smartcity/ros2_ws/install/examples_rclcpp_minimal_action_server/lib/pkgconfig/examples_rclcpp_minimal_action_server.pc'
[17.780s] Level 1:colcon.colcon_core.environment:checking '/home/rastic-smartcity/ros2_ws/install/examples_rclcpp_minimal_action_server/lib/python3.8/site-packages'
[17.780s] Level 1:colcon.colcon_core.environment:checking '/home/rastic-smartcity/ros2_ws/install/examples_rclcpp_minimal_action_server/bin'
[17.781s] INFO:colcon.colcon_core.shell:Creating package script '/home/rastic-smartcity/ros2_ws/install/examples_rclcpp_minimal_action_server/share/examples_rclcpp_minimal_action_server/package.ps1'
[17.782s] INFO:colcon.colcon_core.shell:Creating package descriptor '/home/rastic-smartcity/ros2_ws/install/examples_rclcpp_minimal_action_server/share/examples_rclcpp_minimal_action_server/package.dsv'
[17.783s] INFO:colcon.colcon_core.shell:Creating package script '/home/rastic-smartcity/ros2_ws/install/examples_rclcpp_minimal_action_server/share/examples_rclcpp_minimal_action_server/package.sh'
[17.784s] INFO:colcon.colcon_core.shell:Creating package script '/home/rastic-smartcity/ros2_ws/install/examples_rclcpp_minimal_action_server/share/examples_rclcpp_minimal_action_server/package.bash'
[17.785s] INFO:colcon.colcon_core.shell:Creating package script '/home/rastic-smartcity/ros2_ws/install/examples_rclcpp_minimal_action_server/share/examples_rclcpp_minimal_action_server/package.zsh'
[17.785s] Level 1:colcon.colcon_core.environment:create_file_with_runtime_dependencies(/home/rastic-smartcity/ros2_ws/install/examples_rclcpp_minimal_action_server/share/colcon-core/packages/examples_rclcpp_minimal_action_server)
[17.820s] Level 1:colcon.colcon_core.environment:create_environment_scripts_only(examples_rclcpp_minimal_action_server)
[17.821s] Level 1:colcon.colcon_core.environment:checking '/home/rastic-smartcity/ros2_ws/install/examples_rclcpp_minimal_action_server' for CMake module files
[17.822s] Level 1:colcon.colcon_core.environment:checking '/home/rastic-smartcity/ros2_ws/install/examples_rclcpp_minimal_action_server' for CMake config files
[17.823s] Level 1:colcon.colcon_core.shell:create_environment_hook('examples_rclcpp_minimal_action_server', 'cmake_prefix_path')
[17.824s] INFO:colcon.colcon_core.shell:Creating environment hook '/home/rastic-smartcity/ros2_ws/install/examples_rclcpp_minimal_action_server/share/examples_rclcpp_minimal_action_server/hook/cmake_prefix_path.ps1'
[17.825s] INFO:colcon.colcon_core.shell:Creating environment descriptor '/home/rastic-smartcity/ros2_ws/install/examples_rclcpp_minimal_action_server/share/examples_rclcpp_minimal_action_server/hook/cmake_prefix_path.dsv'
[17.826s] INFO:colcon.colcon_core.shell:Creating environment hook '/home/rastic-smartcity/ros2_ws/install/examples_rclcpp_minimal_action_server/share/examples_rclcpp_minimal_action_server/hook/cmake_prefix_path.sh'
[17.827s] Level 1:colcon.colcon_core.environment:checking '/home/rastic-smartcity/ros2_ws/install/examples_rclcpp_minimal_action_server/lib'
[17.827s] Level 1:colcon.colcon_core.environment:checking '/home/rastic-smartcity/ros2_ws/install/examples_rclcpp_minimal_action_server/bin'
[17.827s] Level 1:colcon.colcon_core.environment:checking '/home/rastic-smartcity/ros2_ws/install/examples_rclcpp_minimal_action_server/lib/pkgconfig/examples_rclcpp_minimal_action_server.pc'
[17.828s] Level 1:colcon.colcon_core.environment:checking '/home/rastic-smartcity/ros2_ws/install/examples_rclcpp_minimal_action_server/lib/python3.8/site-packages'
[17.828s] Level 1:colcon.colcon_core.environment:checking '/home/rastic-smartcity/ros2_ws/install/examples_rclcpp_minimal_action_server/bin'
[17.829s] INFO:colcon.colcon_core.shell:Creating package script '/home/rastic-smartcity/ros2_ws/install/examples_rclcpp_minimal_action_server/share/examples_rclcpp_minimal_action_server/package.ps1'
[17.830s] INFO:colcon.colcon_core.shell:Creating package descriptor '/home/rastic-smartcity/ros2_ws/install/examples_rclcpp_minimal_action_server/share/examples_rclcpp_minimal_action_server/package.dsv'
[17.831s] INFO:colcon.colcon_core.shell:Creating package script '/home/rastic-smartcity/ros2_ws/install/examples_rclcpp_minimal_action_server/share/examples_rclcpp_minimal_action_server/package.sh'
[17.832s] INFO:colcon.colcon_core.shell:Creating package script '/home/rastic-smartcity/ros2_ws/install/examples_rclcpp_minimal_action_server/share/examples_rclcpp_minimal_action_server/package.bash'
[17.833s] INFO:colcon.colcon_core.shell:Creating package script '/home/rastic-smartcity/ros2_ws/install/examples_rclcpp_minimal_action_server/share/examples_rclcpp_minimal_action_server/package.zsh'
[17.834s] Level 1:colcon.colcon_core.environment:create_file_with_runtime_dependencies(/home/rastic-smartcity/ros2_ws/install/examples_rclcpp_minimal_action_server/share/colcon-core/packages/examples_rclcpp_minimal_action_server)
[18.231s] DEBUG:colcon.colcon_core.event_handler.log_command:Invoked command in '/home/rastic-smartcity/ros2_ws/build/examples_rclcpp_minimal_action_client' returned '0': CMAKE_PREFIX_PATH=${CMAKE_PREFIX_PATH}:/home/rastic-smartcity/ros2_ws/install/turtle_demo_controller:/home/rastic-smartcity/ros2_ws/install/Rastic_seminar_Python:/home/rastic-smartcity/ros2_ws/install/Rastic_seminar_python:/opt/ros/foxy /usr/bin/cmake --build /home/rastic-smartcity/ros2_ws/build/examples_rclcpp_minimal_action_client -- -j12 -l12
[18.238s] DEBUG:colcon.colcon_core.task.python.build:While undoing a previous installation files outside the Python library path are being ignored: /home/rastic-smartcity/ros2_ws/install/turtle_demo_controller/share/ament_index/resource_index/packages/turtle_demo_controller
[18.238s] DEBUG:colcon.colcon_core.task.python.build:While undoing a previous installation files outside the Python library path are being ignored: /home/rastic-smartcity/ros2_ws/install/turtle_demo_controller/share/turtle_demo_controller/package.xml
[18.238s] DEBUG:colcon.colcon_core.task.python.build:While undoing a previous installation files outside the Python library path are being ignored: /home/rastic-smartcity/ros2_ws/install/turtle_demo_controller/lib/turtle_demo_controller/turt_controller
[18.245s] DEBUG:colcon.colcon_core.event_handler.log_command:Invoking command in '/home/rastic-smartcity/ros2_ws/build/turtle_demo_controller': CMAKE_PREFIX_PATH=/home/rastic-smartcity/ros2_ws/install/turtlesim:/home/rastic-smartcity/ros2_ws/install/my_package:/home/rastic-smartcity/ros2_ws/install/Rastic_seminar PYTHONPATH=/home/rastic-smartcity/ros2_ws/build/turtle_demo_controller/prefix_override:/usr/lib/python3/dist-packages/colcon_core/task/python/colcon_distutils_commands:/home/rastic-smartcity/ros2_ws/install/turtle_demo_controller/lib/python3.8/site-packages:/home/rastic-smartcity/ros2_ws/install/turtlesim/lib/python3.8/site-packages:/home/rastic-smartcity/ros2_ws/install/turtle_demo_controller/lib/python3.8/site-packages:/home/rastic-smartcity/ros2_ws/install/my_package/lib/python3.8/site-packages:/home/rastic-smartcity/ros2_ws/install/Rastic_seminar_Python/lib/python3.8/site-packages:/home/rastic-smartcity/ros2_ws/install/Rastic_seminar_python/lib/python3.8/site-packages:/opt/ros/foxy/lib/python3.8/site-packages /usr/bin/python3 -W ignore:setup.py install is deprecated setup.py develop --editable --build-directory /home/rastic-smartcity/ros2_ws/build/turtle_demo_controller/build --no-deps symlink_data --force
[18.291s] DEBUG:colcon.colcon_core.event_handler.log_command:Invoking command in '/home/rastic-smartcity/ros2_ws/build/examples_rclcpp_minimal_action_client': CMAKE_PREFIX_PATH=${CMAKE_PREFIX_PATH}:/home/rastic-smartcity/ros2_ws/install/turtle_demo_controller:/home/rastic-smartcity/ros2_ws/install/Rastic_seminar_Python:/home/rastic-smartcity/ros2_ws/install/Rastic_seminar_python:/opt/ros/foxy /usr/bin/cmake --install /home/rastic-smartcity/ros2_ws/build/examples_rclcpp_minimal_action_client
[18.379s] Level 1:colcon.colcon_core.shell:create_environment_hook('my_package', 'pythonpath_develop')
[18.380s] INFO:colcon.colcon_core.shell:Creating environment hook '/home/rastic-smartcity/ros2_ws/build/my_package/share/my_package/hook/pythonpath_develop.ps1'
[18.381s] DEBUG:colcon.colcon_core.event_handler.log_command:Invoked command in '/home/rastic-smartcity/ros2_ws/build/my_package' returned '0': PYTHONPATH=/home/rastic-smartcity/ros2_ws/build/my_package/prefix_override:/usr/lib/python3/dist-packages/colcon_core/task/python/colcon_distutils_commands:/home/rastic-smartcity/ros2_ws/install/my_package/lib/python3.8/site-packages:${PYTHONPATH} /usr/bin/python3 -W ignore:setup.py install is deprecated setup.py develop --editable --build-directory /home/rastic-smartcity/ros2_ws/build/my_package/build --no-deps symlink_data --force
[18.382s] INFO:colcon.colcon_core.shell:Creating environment descriptor '/home/rastic-smartcity/ros2_ws/build/my_package/share/my_package/hook/pythonpath_develop.dsv'
[18.383s] INFO:colcon.colcon_core.shell:Creating environment hook '/home/rastic-smartcity/ros2_ws/build/my_package/share/my_package/hook/pythonpath_develop.sh'
[18.384s] Level 1:colcon.colcon_core.environment:checking '/home/rastic-smartcity/ros2_ws/install/my_package' for CMake module files
[18.386s] Level 1:colcon.colcon_core.environment:checking '/home/rastic-smartcity/ros2_ws/install/my_package' for CMake config files
[18.387s] Level 1:colcon.colcon_core.shell:create_environment_hook('my_package', 'cmake_prefix_path')
[18.387s] INFO:colcon.colcon_core.shell:Creating environment hook '/home/rastic-smartcity/ros2_ws/install/my_package/share/my_package/hook/cmake_prefix_path.ps1'
[18.388s] INFO:colcon.colcon_core.shell:Creating environment descriptor '/home/rastic-smartcity/ros2_ws/install/my_package/share/my_package/hook/cmake_prefix_path.dsv'
[18.389s] INFO:colcon.colcon_core.shell:Creating environment hook '/home/rastic-smartcity/ros2_ws/install/my_package/share/my_package/hook/cmake_prefix_path.sh'
[18.390s] Level 1:colcon.colcon_core.environment:checking '/home/rastic-smartcity/ros2_ws/install/my_package/lib'
[18.390s] Level 1:colcon.colcon_core.environment:checking '/home/rastic-smartcity/ros2_ws/install/my_package/bin'
[18.391s] Level 1:colcon.colcon_core.environment:checking '/home/rastic-smartcity/ros2_ws/install/my_package/lib/pkgconfig/my_package.pc'
[18.391s] Level 1:colcon.colcon_core.environment:checking '/home/rastic-smartcity/ros2_ws/install/my_package/lib/python3.8/site-packages'
[18.391s] Level 1:colcon.colcon_core.shell:create_environment_hook('my_package', 'pythonpath')
[18.392s] INFO:colcon.colcon_core.shell:Creating environment hook '/home/rastic-smartcity/ros2_ws/install/my_package/share/my_package/hook/pythonpath.ps1'
[18.393s] INFO:colcon.colcon_core.shell:Creating environment descriptor '/home/rastic-smartcity/ros2_ws/install/my_package/share/my_package/hook/pythonpath.dsv'
[18.394s] INFO:colcon.colcon_core.shell:Creating environment hook '/home/rastic-smartcity/ros2_ws/install/my_package/share/my_package/hook/pythonpath.sh'
[18.395s] Level 1:colcon.colcon_core.environment:checking '/home/rastic-smartcity/ros2_ws/install/my_package/bin'
[18.395s] Level 1:colcon.colcon_core.environment:create_environment_scripts_only(my_package)
[18.396s] INFO:colcon.colcon_core.shell:Creating package script '/home/rastic-smartcity/ros2_ws/install/my_package/share/my_package/package.ps1'
[18.397s] INFO:colcon.colcon_core.shell:Creating package descriptor '/home/rastic-smartcity/ros2_ws/install/my_package/share/my_package/package.dsv'
[18.398s] INFO:colcon.colcon_core.shell:Creating package script '/home/rastic-smartcity/ros2_ws/install/my_package/share/my_package/package.sh'
[18.400s] INFO:colcon.colcon_core.shell:Creating package script '/home/rastic-smartcity/ros2_ws/install/my_package/share/my_package/package.bash'
[18.400s] INFO:colcon.colcon_core.shell:Creating package script '/home/rastic-smartcity/ros2_ws/install/my_package/share/my_package/package.zsh'
[18.401s] Level 1:colcon.colcon_core.environment:create_file_with_runtime_dependencies(/home/rastic-smartcity/ros2_ws/install/my_package/share/colcon-core/packages/my_package)
[18.641s] Level 1:colcon.colcon_core.environment:create_environment_scripts_only(examples_rclcpp_minimal_action_client)
[18.641s] Level 1:colcon.colcon_core.environment:checking '/home/rastic-smartcity/ros2_ws/install/examples_rclcpp_minimal_action_client' for CMake module files
[18.642s] DEBUG:colcon.colcon_core.event_handler.log_command:Invoked command in '/home/rastic-smartcity/ros2_ws/build/examples_rclcpp_minimal_action_client' returned '0': CMAKE_PREFIX_PATH=${CMAKE_PREFIX_PATH}:/home/rastic-smartcity/ros2_ws/install/turtle_demo_controller:/home/rastic-smartcity/ros2_ws/install/Rastic_seminar_Python:/home/rastic-smartcity/ros2_ws/install/Rastic_seminar_python:/opt/ros/foxy /usr/bin/cmake --install /home/rastic-smartcity/ros2_ws/build/examples_rclcpp_minimal_action_client
[18.643s] Level 1:colcon.colcon_core.environment:checking '/home/rastic-smartcity/ros2_ws/install/examples_rclcpp_minimal_action_client' for CMake config files
[18.644s] Level 1:colcon.colcon_core.shell:create_environment_hook('examples_rclcpp_minimal_action_client', 'cmake_prefix_path')
[18.644s] INFO:colcon.colcon_core.shell:Creating environment hook '/home/rastic-smartcity/ros2_ws/install/examples_rclcpp_minimal_action_client/share/examples_rclcpp_minimal_action_client/hook/cmake_prefix_path.ps1'
[18.645s] INFO:colcon.colcon_core.shell:Creating environment descriptor '/home/rastic-smartcity/ros2_ws/install/examples_rclcpp_minimal_action_client/share/examples_rclcpp_minimal_action_client/hook/cmake_prefix_path.dsv'
[18.646s] INFO:colcon.colcon_core.shell:Creating environment hook '/home/rastic-smartcity/ros2_ws/install/examples_rclcpp_minimal_action_client/share/examples_rclcpp_minimal_action_client/hook/cmake_prefix_path.sh'
[18.647s] Level 1:colcon.colcon_core.environment:checking '/home/rastic-smartcity/ros2_ws/install/examples_rclcpp_minimal_action_client/lib'
[18.647s] Level 1:colcon.colcon_core.environment:checking '/home/rastic-smartcity/ros2_ws/install/examples_rclcpp_minimal_action_client/bin'
[18.647s] Level 1:colcon.colcon_core.environment:checking '/home/rastic-smartcity/ros2_ws/install/examples_rclcpp_minimal_action_client/lib/pkgconfig/examples_rclcpp_minimal_action_client.pc'
[18.648s] Level 1:colcon.colcon_core.environment:checking '/home/rastic-smartcity/ros2_ws/install/examples_rclcpp_minimal_action_client/lib/python3.8/site-packages'
[18.648s] Level 1:colcon.colcon_core.environment:checking '/home/rastic-smartcity/ros2_ws/install/examples_rclcpp_minimal_action_client/bin'
[18.649s] INFO:colcon.colcon_core.shell:Creating package script '/home/rastic-smartcity/ros2_ws/install/examples_rclcpp_minimal_action_client/share/examples_rclcpp_minimal_action_client/package.ps1'
[18.650s] INFO:colcon.colcon_core.shell:Creating package descriptor '/home/rastic-smartcity/ros2_ws/install/examples_rclcpp_minimal_action_client/share/examples_rclcpp_minimal_action_client/package.dsv'
[18.651s] INFO:colcon.colcon_core.shell:Creating package script '/home/rastic-smartcity/ros2_ws/install/examples_rclcpp_minimal_action_client/share/examples_rclcpp_minimal_action_client/package.sh'
[18.652s] INFO:colcon.colcon_core.shell:Creating package script '/home/rastic-smartcity/ros2_ws/install/examples_rclcpp_minimal_action_client/share/examples_rclcpp_minimal_action_client/package.bash'
[18.653s] INFO:colcon.colcon_core.shell:Creating package script '/home/rastic-smartcity/ros2_ws/install/examples_rclcpp_minimal_action_client/share/examples_rclcpp_minimal_action_client/package.zsh'
[18.654s] Level 1:colcon.colcon_core.environment:create_file_with_runtime_dependencies(/home/rastic-smartcity/ros2_ws/install/examples_rclcpp_minimal_action_client/share/colcon-core/packages/examples_rclcpp_minimal_action_client)
[18.709s] Level 1:colcon.colcon_core.environment:create_environment_scripts_only(examples_rclcpp_minimal_action_client)
[18.710s] Level 1:colcon.colcon_core.environment:checking '/home/rastic-smartcity/ros2_ws/install/examples_rclcpp_minimal_action_client' for CMake module files
[18.711s] Level 1:colcon.colcon_core.environment:checking '/home/rastic-smartcity/ros2_ws/install/examples_rclcpp_minimal_action_client' for CMake config files
[18.711s] Level 1:colcon.colcon_core.shell:create_environment_hook('examples_rclcpp_minimal_action_client', 'cmake_prefix_path')
[18.712s] INFO:colcon.colcon_core.shell:Creating environment hook '/home/rastic-smartcity/ros2_ws/install/examples_rclcpp_minimal_action_client/share/examples_rclcpp_minimal_action_client/hook/cmake_prefix_path.ps1'
[18.713s] INFO:colcon.colcon_core.shell:Creating environment descriptor '/home/rastic-smartcity/ros2_ws/install/examples_rclcpp_minimal_action_client/share/examples_rclcpp_minimal_action_client/hook/cmake_prefix_path.dsv'
[18.714s] INFO:colcon.colcon_core.shell:Creating environment hook '/home/rastic-smartcity/ros2_ws/install/examples_rclcpp_minimal_action_client/share/examples_rclcpp_minimal_action_client/hook/cmake_prefix_path.sh'
[18.715s] Level 1:colcon.colcon_core.environment:checking '/home/rastic-smartcity/ros2_ws/install/examples_rclcpp_minimal_action_client/lib'
[18.715s] Level 1:colcon.colcon_core.environment:checking '/home/rastic-smartcity/ros2_ws/install/examples_rclcpp_minimal_action_client/bin'
[18.715s] Level 1:colcon.colcon_core.environment:checking '/home/rastic-smartcity/ros2_ws/install/examples_rclcpp_minimal_action_client/lib/pkgconfig/examples_rclcpp_minimal_action_client.pc'
[18.716s] Level 1:colcon.colcon_core.environment:checking '/home/rastic-smartcity/ros2_ws/install/examples_rclcpp_minimal_action_client/lib/python3.8/site-packages'
[18.716s] Level 1:colcon.colcon_core.environment:checking '/home/rastic-smartcity/ros2_ws/install/examples_rclcpp_minimal_action_client/bin'
[18.717s] INFO:colcon.colcon_core.shell:Creating package script '/home/rastic-smartcity/ros2_ws/install/examples_rclcpp_minimal_action_client/share/examples_rclcpp_minimal_action_client/package.ps1'
[18.718s] INFO:colcon.colcon_core.shell:Creating package descriptor '/home/rastic-smartcity/ros2_ws/install/examples_rclcpp_minimal_action_client/share/examples_rclcpp_minimal_action_client/package.dsv'
[18.719s] INFO:colcon.colcon_core.shell:Creating package script '/home/rastic-smartcity/ros2_ws/install/examples_rclcpp_minimal_action_client/share/examples_rclcpp_minimal_action_client/package.sh'
[18.720s] INFO:colcon.colcon_core.shell:Creating package script '/home/rastic-smartcity/ros2_ws/install/examples_rclcpp_minimal_action_client/share/examples_rclcpp_minimal_action_client/package.bash'
[18.721s] INFO:colcon.colcon_core.shell:Creating package script '/home/rastic-smartcity/ros2_ws/install/examples_rclcpp_minimal_action_client/share/examples_rclcpp_minimal_action_client/package.zsh'
[18.721s] Level 1:colcon.colcon_core.environment:create_file_with_runtime_dependencies(/home/rastic-smartcity/ros2_ws/install/examples_rclcpp_minimal_action_client/share/colcon-core/packages/examples_rclcpp_minimal_action_client)
[18.800s] DEBUG:colcon.colcon_core.event_handler.log_command:Invoked command in '/home/rastic-smartcity/ros2_ws/build/examples_rclcpp_multithreaded_executor' returned '0': CMAKE_PREFIX_PATH=${CMAKE_PREFIX_PATH}:/home/rastic-smartcity/ros2_ws/install/turtle_demo_controller:/home/rastic-smartcity/ros2_ws/install/Rastic_seminar_Python:/home/rastic-smartcity/ros2_ws/install/Rastic_seminar_python:/opt/ros/foxy /usr/bin/cmake --build /home/rastic-smartcity/ros2_ws/build/examples_rclcpp_multithreaded_executor -- -j12 -l12
[18.812s] DEBUG:colcon.colcon_core.event_handler.log_command:Invoked command in '/home/rastic-smartcity/ros2_ws/build/examples_rclcpp_minimal_subscriber' returned '0': CMAKE_PREFIX_PATH=${CMAKE_PREFIX_PATH}:/home/rastic-smartcity/ros2_ws/install/turtle_demo_controller:/home/rastic-smartcity/ros2_ws/install/Rastic_seminar_Python:/home/rastic-smartcity/ros2_ws/install/Rastic_seminar_python:/opt/ros/foxy /usr/bin/cmake --build /home/rastic-smartcity/ros2_ws/build/examples_rclcpp_minimal_subscriber -- -j12 -l12
[18.831s] DEBUG:colcon.colcon_core.event_handler.log_command:Invoking command in '/home/rastic-smartcity/ros2_ws/build/examples_rclcpp_multithreaded_executor': CMAKE_PREFIX_PATH=${CMAKE_PREFIX_PATH}:/home/rastic-smartcity/ros2_ws/install/turtle_demo_controller:/home/rastic-smartcity/ros2_ws/install/Rastic_seminar_Python:/home/rastic-smartcity/ros2_ws/install/Rastic_seminar_python:/opt/ros/foxy /usr/bin/cmake --install /home/rastic-smartcity/ros2_ws/build/examples_rclcpp_multithreaded_executor
[18.847s] DEBUG:colcon.colcon_core.event_handler.log_command:Invoking command in '/home/rastic-smartcity/ros2_ws/build/examples_rclcpp_minimal_subscriber': CMAKE_PREFIX_PATH=${CMAKE_PREFIX_PATH}:/home/rastic-smartcity/ros2_ws/install/turtle_demo_controller:/home/rastic-smartcity/ros2_ws/install/Rastic_seminar_Python:/home/rastic-smartcity/ros2_ws/install/Rastic_seminar_python:/opt/ros/foxy /usr/bin/cmake --install /home/rastic-smartcity/ros2_ws/build/examples_rclcpp_minimal_subscriber
[19.019s] Level 1:colcon.colcon_core.environment:create_environment_scripts_only(examples_rclcpp_multithreaded_executor)
[19.020s] Level 1:colcon.colcon_core.environment:checking '/home/rastic-smartcity/ros2_ws/install/examples_rclcpp_multithreaded_executor' for CMake module files
[19.021s] DEBUG:colcon.colcon_core.event_handler.log_command:Invoked command in '/home/rastic-smartcity/ros2_ws/build/examples_rclcpp_multithreaded_executor' returned '0': CMAKE_PREFIX_PATH=${CMAKE_PREFIX_PATH}:/home/rastic-smartcity/ros2_ws/install/turtle_demo_controller:/home/rastic-smartcity/ros2_ws/install/Rastic_seminar_Python:/home/rastic-smartcity/ros2_ws/install/Rastic_seminar_python:/opt/ros/foxy /usr/bin/cmake --install /home/rastic-smartcity/ros2_ws/build/examples_rclcpp_multithreaded_executor
[19.022s] Level 1:colcon.colcon_core.environment:checking '/home/rastic-smartcity/ros2_ws/install/examples_rclcpp_multithreaded_executor' for CMake config files
[19.023s] Level 1:colcon.colcon_core.shell:create_environment_hook('examples_rclcpp_multithreaded_executor', 'cmake_prefix_path')
[19.024s] INFO:colcon.colcon_core.shell:Creating environment hook '/home/rastic-smartcity/ros2_ws/install/examples_rclcpp_multithreaded_executor/share/examples_rclcpp_multithreaded_executor/hook/cmake_prefix_path.ps1'
[19.025s] INFO:colcon.colcon_core.shell:Creating environment descriptor '/home/rastic-smartcity/ros2_ws/install/examples_rclcpp_multithreaded_executor/share/examples_rclcpp_multithreaded_executor/hook/cmake_prefix_path.dsv'
[19.026s] INFO:colcon.colcon_core.shell:Creating environment hook '/home/rastic-smartcity/ros2_ws/install/examples_rclcpp_multithreaded_executor/share/examples_rclcpp_multithreaded_executor/hook/cmake_prefix_path.sh'
[19.027s] Level 1:colcon.colcon_core.environment:checking '/home/rastic-smartcity/ros2_ws/install/examples_rclcpp_multithreaded_executor/lib'
[19.027s] Level 1:colcon.colcon_core.environment:checking '/home/rastic-smartcity/ros2_ws/install/examples_rclcpp_multithreaded_executor/bin'
[19.027s] Level 1:colcon.colcon_core.environment:checking '/home/rastic-smartcity/ros2_ws/install/examples_rclcpp_multithreaded_executor/lib/pkgconfig/examples_rclcpp_multithreaded_executor.pc'
[19.027s] Level 1:colcon.colcon_core.environment:checking '/home/rastic-smartcity/ros2_ws/install/examples_rclcpp_multithreaded_executor/lib/python3.8/site-packages'
[19.028s] Level 1:colcon.colcon_core.environment:checking '/home/rastic-smartcity/ros2_ws/install/examples_rclcpp_multithreaded_executor/bin'
[19.028s] INFO:colcon.colcon_core.shell:Creating package script '/home/rastic-smartcity/ros2_ws/install/examples_rclcpp_multithreaded_executor/share/examples_rclcpp_multithreaded_executor/package.ps1'
[19.029s] INFO:colcon.colcon_core.shell:Creating package descriptor '/home/rastic-smartcity/ros2_ws/install/examples_rclcpp_multithreaded_executor/share/examples_rclcpp_multithreaded_executor/package.dsv'
[19.030s] INFO:colcon.colcon_core.shell:Creating package script '/home/rastic-smartcity/ros2_ws/install/examples_rclcpp_multithreaded_executor/share/examples_rclcpp_multithreaded_executor/package.sh'
[19.031s] INFO:colcon.colcon_core.shell:Creating package script '/home/rastic-smartcity/ros2_ws/install/examples_rclcpp_multithreaded_executor/share/examples_rclcpp_multithreaded_executor/package.bash'
[19.032s] INFO:colcon.colcon_core.shell:Creating package script '/home/rastic-smartcity/ros2_ws/install/examples_rclcpp_multithreaded_executor/share/examples_rclcpp_multithreaded_executor/package.zsh'
[19.032s] Level 1:colcon.colcon_core.environment:create_file_with_runtime_dependencies(/home/rastic-smartcity/ros2_ws/install/examples_rclcpp_multithreaded_executor/share/colcon-core/packages/examples_rclcpp_multithreaded_executor)
[19.065s] Level 1:colcon.colcon_core.environment:create_environment_scripts_only(examples_rclcpp_multithreaded_executor)
[19.066s] Level 1:colcon.colcon_core.environment:checking '/home/rastic-smartcity/ros2_ws/install/examples_rclcpp_multithreaded_executor' for CMake module files
[19.067s] Level 1:colcon.colcon_core.environment:checking '/home/rastic-smartcity/ros2_ws/install/examples_rclcpp_multithreaded_executor' for CMake config files
[19.067s] Level 1:colcon.colcon_core.shell:create_environment_hook('examples_rclcpp_multithreaded_executor', 'cmake_prefix_path')
[19.068s] INFO:colcon.colcon_core.shell:Creating environment hook '/home/rastic-smartcity/ros2_ws/install/examples_rclcpp_multithreaded_executor/share/examples_rclcpp_multithreaded_executor/hook/cmake_prefix_path.ps1'
[19.069s] INFO:colcon.colcon_core.shell:Creating environment descriptor '/home/rastic-smartcity/ros2_ws/install/examples_rclcpp_multithreaded_executor/share/examples_rclcpp_multithreaded_executor/hook/cmake_prefix_path.dsv'
[19.070s] INFO:colcon.colcon_core.shell:Creating environment hook '/home/rastic-smartcity/ros2_ws/install/examples_rclcpp_multithreaded_executor/share/examples_rclcpp_multithreaded_executor/hook/cmake_prefix_path.sh'
[19.071s] Level 1:colcon.colcon_core.environment:checking '/home/rastic-smartcity/ros2_ws/install/examples_rclcpp_multithreaded_executor/lib'
[19.071s] Level 1:colcon.colcon_core.environment:checking '/home/rastic-smartcity/ros2_ws/install/examples_rclcpp_multithreaded_executor/bin'
[19.072s] Level 1:colcon.colcon_core.environment:checking '/home/rastic-smartcity/ros2_ws/install/examples_rclcpp_multithreaded_executor/lib/pkgconfig/examples_rclcpp_multithreaded_executor.pc'
[19.072s] Level 1:colcon.colcon_core.environment:checking '/home/rastic-smartcity/ros2_ws/install/examples_rclcpp_multithreaded_executor/lib/python3.8/site-packages'
[19.072s] Level 1:colcon.colcon_core.environment:checking '/home/rastic-smartcity/ros2_ws/install/examples_rclcpp_multithreaded_executor/bin'
[19.073s] INFO:colcon.colcon_core.shell:Creating package script '/home/rastic-smartcity/ros2_ws/install/examples_rclcpp_multithreaded_executor/share/examples_rclcpp_multithreaded_executor/package.ps1'
[19.074s] INFO:colcon.colcon_core.shell:Creating package descriptor '/home/rastic-smartcity/ros2_ws/install/examples_rclcpp_multithreaded_executor/share/examples_rclcpp_multithreaded_executor/package.dsv'
[19.075s] INFO:colcon.colcon_core.shell:Creating package script '/home/rastic-smartcity/ros2_ws/install/examples_rclcpp_multithreaded_executor/share/examples_rclcpp_multithreaded_executor/package.sh'
[19.076s] INFO:colcon.colcon_core.shell:Creating package script '/home/rastic-smartcity/ros2_ws/install/examples_rclcpp_multithreaded_executor/share/examples_rclcpp_multithreaded_executor/package.bash'
[19.077s] INFO:colcon.colcon_core.shell:Creating package script '/home/rastic-smartcity/ros2_ws/install/examples_rclcpp_multithreaded_executor/share/examples_rclcpp_multithreaded_executor/package.zsh'
[19.078s] Level 1:colcon.colcon_core.environment:create_file_with_runtime_dependencies(/home/rastic-smartcity/ros2_ws/install/examples_rclcpp_multithreaded_executor/share/colcon-core/packages/examples_rclcpp_multithreaded_executor)
[19.080s] Level 1:colcon.colcon_core.shell:create_environment_hook('turtle_demo_controller', 'pythonpath_develop')
[19.080s] INFO:colcon.colcon_core.shell:Creating environment hook '/home/rastic-smartcity/ros2_ws/build/turtle_demo_controller/share/turtle_demo_controller/hook/pythonpath_develop.ps1'
[19.082s] DEBUG:colcon.colcon_core.event_handler.log_command:Invoked command in '/home/rastic-smartcity/ros2_ws/build/turtle_demo_controller' returned '0': CMAKE_PREFIX_PATH=/home/rastic-smartcity/ros2_ws/install/turtlesim:/home/rastic-smartcity/ros2_ws/install/my_package:/home/rastic-smartcity/ros2_ws/install/Rastic_seminar PYTHONPATH=/home/rastic-smartcity/ros2_ws/build/turtle_demo_controller/prefix_override:/usr/lib/python3/dist-packages/colcon_core/task/python/colcon_distutils_commands:/home/rastic-smartcity/ros2_ws/install/turtle_demo_controller/lib/python3.8/site-packages:/home/rastic-smartcity/ros2_ws/install/turtlesim/lib/python3.8/site-packages:/home/rastic-smartcity/ros2_ws/install/turtle_demo_controller/lib/python3.8/site-packages:/home/rastic-smartcity/ros2_ws/install/my_package/lib/python3.8/site-packages:/home/rastic-smartcity/ros2_ws/install/Rastic_seminar_Python/lib/python3.8/site-packages:/home/rastic-smartcity/ros2_ws/install/Rastic_seminar_python/lib/python3.8/site-packages:/opt/ros/foxy/lib/python3.8/site-packages /usr/bin/python3 -W ignore:setup.py install is deprecated setup.py develop --editable --build-directory /home/rastic-smartcity/ros2_ws/build/turtle_demo_controller/build --no-deps symlink_data --force
[19.082s] INFO:colcon.colcon_core.shell:Creating environment descriptor '/home/rastic-smartcity/ros2_ws/build/turtle_demo_controller/share/turtle_demo_controller/hook/pythonpath_develop.dsv'
[19.082s] INFO:colcon.colcon_core.shell:Creating environment hook '/home/rastic-smartcity/ros2_ws/build/turtle_demo_controller/share/turtle_demo_controller/hook/pythonpath_develop.sh'
[19.083s] Level 1:colcon.colcon_core.environment:checking '/home/rastic-smartcity/ros2_ws/install/turtle_demo_controller' for CMake module files
[19.084s] Level 1:colcon.colcon_core.environment:checking '/home/rastic-smartcity/ros2_ws/install/turtle_demo_controller' for CMake config files
[19.084s] Level 1:colcon.colcon_core.environment:checking '/home/rastic-smartcity/ros2_ws/install/turtle_demo_controller/lib'
[19.084s] Level 1:colcon.colcon_core.environment:checking '/home/rastic-smartcity/ros2_ws/install/turtle_demo_controller/bin'
[19.084s] Level 1:colcon.colcon_core.environment:checking '/home/rastic-smartcity/ros2_ws/install/turtle_demo_controller/lib/pkgconfig/turtle_demo_controller.pc'
[19.084s] Level 1:colcon.colcon_core.environment:checking '/home/rastic-smartcity/ros2_ws/install/turtle_demo_controller/lib/python3.8/site-packages'
[19.084s] Level 1:colcon.colcon_core.shell:create_environment_hook('turtle_demo_controller', 'pythonpath')
[19.085s] INFO:colcon.colcon_core.shell:Creating environment hook '/home/rastic-smartcity/ros2_ws/install/turtle_demo_controller/share/turtle_demo_controller/hook/pythonpath.ps1'
[19.085s] INFO:colcon.colcon_core.shell:Creating environment descriptor '/home/rastic-smartcity/ros2_ws/install/turtle_demo_controller/share/turtle_demo_controller/hook/pythonpath.dsv'
[19.086s] INFO:colcon.colcon_core.shell:Creating environment hook '/home/rastic-smartcity/ros2_ws/install/turtle_demo_controller/share/turtle_demo_controller/hook/pythonpath.sh'
[19.086s] Level 1:colcon.colcon_core.environment:checking '/home/rastic-smartcity/ros2_ws/install/turtle_demo_controller/bin'
[19.086s] Level 1:colcon.colcon_core.environment:create_environment_scripts_only(turtle_demo_controller)
[19.087s] INFO:colcon.colcon_core.shell:Creating package script '/home/rastic-smartcity/ros2_ws/install/turtle_demo_controller/share/turtle_demo_controller/package.ps1'
[19.087s] INFO:colcon.colcon_core.shell:Creating package descriptor '/home/rastic-smartcity/ros2_ws/install/turtle_demo_controller/share/turtle_demo_controller/package.dsv'
[19.088s] INFO:colcon.colcon_core.shell:Creating package script '/home/rastic-smartcity/ros2_ws/install/turtle_demo_controller/share/turtle_demo_controller/package.sh'
[19.088s] INFO:colcon.colcon_core.shell:Creating package script '/home/rastic-smartcity/ros2_ws/install/turtle_demo_controller/share/turtle_demo_controller/package.bash'
[19.089s] INFO:colcon.colcon_core.shell:Creating package script '/home/rastic-smartcity/ros2_ws/install/turtle_demo_controller/share/turtle_demo_controller/package.zsh'
[19.089s] Level 1:colcon.colcon_core.environment:create_file_with_runtime_dependencies(/home/rastic-smartcity/ros2_ws/install/turtle_demo_controller/share/colcon-core/packages/turtle_demo_controller)
[19.090s] Level 1:colcon.colcon_core.environment:create_environment_scripts_only(examples_rclcpp_minimal_subscriber)
[19.091s] Level 1:colcon.colcon_core.environment:checking '/home/rastic-smartcity/ros2_ws/install/examples_rclcpp_minimal_subscriber' for CMake module files
[19.092s] DEBUG:colcon.colcon_core.event_handler.log_command:Invoked command in '/home/rastic-smartcity/ros2_ws/build/examples_rclcpp_minimal_subscriber' returned '0': CMAKE_PREFIX_PATH=${CMAKE_PREFIX_PATH}:/home/rastic-smartcity/ros2_ws/install/turtle_demo_controller:/home/rastic-smartcity/ros2_ws/install/Rastic_seminar_Python:/home/rastic-smartcity/ros2_ws/install/Rastic_seminar_python:/opt/ros/foxy /usr/bin/cmake --install /home/rastic-smartcity/ros2_ws/build/examples_rclcpp_minimal_subscriber
[19.092s] Level 1:colcon.colcon_core.environment:checking '/home/rastic-smartcity/ros2_ws/install/examples_rclcpp_minimal_subscriber' for CMake config files
[19.093s] Level 1:colcon.colcon_core.shell:create_environment_hook('examples_rclcpp_minimal_subscriber', 'cmake_prefix_path')
[19.093s] INFO:colcon.colcon_core.shell:Creating environment hook '/home/rastic-smartcity/ros2_ws/install/examples_rclcpp_minimal_subscriber/share/examples_rclcpp_minimal_subscriber/hook/cmake_prefix_path.ps1'
[19.094s] INFO:colcon.colcon_core.shell:Creating environment descriptor '/home/rastic-smartcity/ros2_ws/install/examples_rclcpp_minimal_subscriber/share/examples_rclcpp_minimal_subscriber/hook/cmake_prefix_path.dsv'
[19.094s] INFO:colcon.colcon_core.shell:Creating environment hook '/home/rastic-smartcity/ros2_ws/install/examples_rclcpp_minimal_subscriber/share/examples_rclcpp_minimal_subscriber/hook/cmake_prefix_path.sh'
[19.095s] Level 1:colcon.colcon_core.environment:checking '/home/rastic-smartcity/ros2_ws/install/examples_rclcpp_minimal_subscriber/lib'
[19.095s] Level 1:colcon.colcon_core.environment:checking '/home/rastic-smartcity/ros2_ws/install/examples_rclcpp_minimal_subscriber/bin'
[19.095s] Level 1:colcon.colcon_core.environment:checking '/home/rastic-smartcity/ros2_ws/install/examples_rclcpp_minimal_subscriber/lib/pkgconfig/examples_rclcpp_minimal_subscriber.pc'
[19.095s] Level 1:colcon.colcon_core.environment:checking '/home/rastic-smartcity/ros2_ws/install/examples_rclcpp_minimal_subscriber/lib/python3.8/site-packages'
[19.095s] Level 1:colcon.colcon_core.environment:checking '/home/rastic-smartcity/ros2_ws/install/examples_rclcpp_minimal_subscriber/bin'
[19.096s] INFO:colcon.colcon_core.shell:Creating package script '/home/rastic-smartcity/ros2_ws/install/examples_rclcpp_minimal_subscriber/share/examples_rclcpp_minimal_subscriber/package.ps1'
[19.096s] INFO:colcon.colcon_core.shell:Creating package descriptor '/home/rastic-smartcity/ros2_ws/install/examples_rclcpp_minimal_subscriber/share/examples_rclcpp_minimal_subscriber/package.dsv'
[19.097s] INFO:colcon.colcon_core.shell:Creating package script '/home/rastic-smartcity/ros2_ws/install/examples_rclcpp_minimal_subscriber/share/examples_rclcpp_minimal_subscriber/package.sh'
[19.097s] INFO:colcon.colcon_core.shell:Creating package script '/home/rastic-smartcity/ros2_ws/install/examples_rclcpp_minimal_subscriber/share/examples_rclcpp_minimal_subscriber/package.bash'
[19.097s] INFO:colcon.colcon_core.shell:Creating package script '/home/rastic-smartcity/ros2_ws/install/examples_rclcpp_minimal_subscriber/share/examples_rclcpp_minimal_subscriber/package.zsh'
[19.097s] Level 1:colcon.colcon_core.environment:create_file_with_runtime_dependencies(/home/rastic-smartcity/ros2_ws/install/examples_rclcpp_minimal_subscriber/share/colcon-core/packages/examples_rclcpp_minimal_subscriber)
[19.126s] Level 1:colcon.colcon_core.environment:create_environment_scripts_only(examples_rclcpp_minimal_subscriber)
[19.127s] Level 1:colcon.colcon_core.environment:checking '/home/rastic-smartcity/ros2_ws/install/examples_rclcpp_minimal_subscriber' for CMake module files
[19.128s] Level 1:colcon.colcon_core.environment:checking '/home/rastic-smartcity/ros2_ws/install/examples_rclcpp_minimal_subscriber' for CMake config files
[19.129s] Level 1:colcon.colcon_core.shell:create_environment_hook('examples_rclcpp_minimal_subscriber', 'cmake_prefix_path')
[19.129s] INFO:colcon.colcon_core.shell:Creating environment hook '/home/rastic-smartcity/ros2_ws/install/examples_rclcpp_minimal_subscriber/share/examples_rclcpp_minimal_subscriber/hook/cmake_prefix_path.ps1'
[19.131s] INFO:colcon.colcon_core.shell:Creating environment descriptor '/home/rastic-smartcity/ros2_ws/install/examples_rclcpp_minimal_subscriber/share/examples_rclcpp_minimal_subscriber/hook/cmake_prefix_path.dsv'
[19.131s] INFO:colcon.colcon_core.shell:Creating environment hook '/home/rastic-smartcity/ros2_ws/install/examples_rclcpp_minimal_subscriber/share/examples_rclcpp_minimal_subscriber/hook/cmake_prefix_path.sh'
[19.133s] Level 1:colcon.colcon_core.environment:checking '/home/rastic-smartcity/ros2_ws/install/examples_rclcpp_minimal_subscriber/lib'
[19.133s] Level 1:colcon.colcon_core.environment:checking '/home/rastic-smartcity/ros2_ws/install/examples_rclcpp_minimal_subscriber/bin'
[19.133s] Level 1:colcon.colcon_core.environment:checking '/home/rastic-smartcity/ros2_ws/install/examples_rclcpp_minimal_subscriber/lib/pkgconfig/examples_rclcpp_minimal_subscriber.pc'
[19.133s] Level 1:colcon.colcon_core.environment:checking '/home/rastic-smartcity/ros2_ws/install/examples_rclcpp_minimal_subscriber/lib/python3.8/site-packages'
[19.134s] Level 1:colcon.colcon_core.environment:checking '/home/rastic-smartcity/ros2_ws/install/examples_rclcpp_minimal_subscriber/bin'
[19.134s] INFO:colcon.colcon_core.shell:Creating package script '/home/rastic-smartcity/ros2_ws/install/examples_rclcpp_minimal_subscriber/share/examples_rclcpp_minimal_subscriber/package.ps1'
[19.135s] INFO:colcon.colcon_core.shell:Creating package descriptor '/home/rastic-smartcity/ros2_ws/install/examples_rclcpp_minimal_subscriber/share/examples_rclcpp_minimal_subscriber/package.dsv'
[19.135s] INFO:colcon.colcon_core.shell:Creating package script '/home/rastic-smartcity/ros2_ws/install/examples_rclcpp_minimal_subscriber/share/examples_rclcpp_minimal_subscriber/package.sh'
[19.136s] INFO:colcon.colcon_core.shell:Creating package script '/home/rastic-smartcity/ros2_ws/install/examples_rclcpp_minimal_subscriber/share/examples_rclcpp_minimal_subscriber/package.bash'
[19.136s] INFO:colcon.colcon_core.shell:Creating package script '/home/rastic-smartcity/ros2_ws/install/examples_rclcpp_minimal_subscriber/share/examples_rclcpp_minimal_subscriber/package.zsh'
[19.136s] Level 1:colcon.colcon_core.environment:create_file_with_runtime_dependencies(/home/rastic-smartcity/ros2_ws/install/examples_rclcpp_minimal_subscriber/share/colcon-core/packages/examples_rclcpp_minimal_subscriber)
[21.719s] DEBUG:colcon.colcon_core.event_handler.log_command:Invoked command in '/home/rastic-smartcity/ros2_ws/build/examples_rclcpp_minimal_composition' returned '0': CMAKE_PREFIX_PATH=${CMAKE_PREFIX_PATH}:/home/rastic-smartcity/ros2_ws/install/turtle_demo_controller:/home/rastic-smartcity/ros2_ws/install/Rastic_seminar_Python:/home/rastic-smartcity/ros2_ws/install/Rastic_seminar_python:/opt/ros/foxy /usr/bin/cmake --build /home/rastic-smartcity/ros2_ws/build/examples_rclcpp_minimal_composition -- -j12 -l12
[21.757s] DEBUG:colcon.colcon_core.event_handler.log_command:Invoking command in '/home/rastic-smartcity/ros2_ws/build/examples_rclcpp_minimal_composition': CMAKE_PREFIX_PATH=${CMAKE_PREFIX_PATH}:/home/rastic-smartcity/ros2_ws/install/turtle_demo_controller:/home/rastic-smartcity/ros2_ws/install/Rastic_seminar_Python:/home/rastic-smartcity/ros2_ws/install/Rastic_seminar_python:/opt/ros/foxy /usr/bin/cmake --install /home/rastic-smartcity/ros2_ws/build/examples_rclcpp_minimal_composition
[22.062s] Level 1:colcon.colcon_core.environment:create_environment_scripts_only(examples_rclcpp_minimal_composition)
[22.063s] Level 1:colcon.colcon_core.environment:checking '/home/rastic-smartcity/ros2_ws/install/examples_rclcpp_minimal_composition' for CMake module files
[22.065s] DEBUG:colcon.colcon_core.event_handler.log_command:Invoked command in '/home/rastic-smartcity/ros2_ws/build/examples_rclcpp_minimal_composition' returned '0': CMAKE_PREFIX_PATH=${CMAKE_PREFIX_PATH}:/home/rastic-smartcity/ros2_ws/install/turtle_demo_controller:/home/rastic-smartcity/ros2_ws/install/Rastic_seminar_Python:/home/rastic-smartcity/ros2_ws/install/Rastic_seminar_python:/opt/ros/foxy /usr/bin/cmake --install /home/rastic-smartcity/ros2_ws/build/examples_rclcpp_minimal_composition
[22.065s] Level 1:colcon.colcon_core.environment:checking '/home/rastic-smartcity/ros2_ws/install/examples_rclcpp_minimal_composition' for CMake config files
[22.066s] Level 1:colcon.colcon_core.shell:create_environment_hook('examples_rclcpp_minimal_composition', 'cmake_prefix_path')
[22.067s] INFO:colcon.colcon_core.shell:Creating environment hook '/home/rastic-smartcity/ros2_ws/install/examples_rclcpp_minimal_composition/share/examples_rclcpp_minimal_composition/hook/cmake_prefix_path.ps1'
[22.068s] INFO:colcon.colcon_core.shell:Creating environment descriptor '/home/rastic-smartcity/ros2_ws/install/examples_rclcpp_minimal_composition/share/examples_rclcpp_minimal_composition/hook/cmake_prefix_path.dsv'
[22.069s] INFO:colcon.colcon_core.shell:Creating environment hook '/home/rastic-smartcity/ros2_ws/install/examples_rclcpp_minimal_composition/share/examples_rclcpp_minimal_composition/hook/cmake_prefix_path.sh'
[22.069s] Level 1:colcon.colcon_core.environment:checking '/home/rastic-smartcity/ros2_ws/install/examples_rclcpp_minimal_composition/lib'
[22.070s] Level 1:colcon.colcon_core.shell:create_environment_hook('examples_rclcpp_minimal_composition', 'ld_library_path_lib')
[22.070s] INFO:colcon.colcon_core.shell:Creating environment hook '/home/rastic-smartcity/ros2_ws/install/examples_rclcpp_minimal_composition/share/examples_rclcpp_minimal_composition/hook/ld_library_path_lib.ps1'
[22.070s] INFO:colcon.colcon_core.shell:Creating environment descriptor '/home/rastic-smartcity/ros2_ws/install/examples_rclcpp_minimal_composition/share/examples_rclcpp_minimal_composition/hook/ld_library_path_lib.dsv'
[22.071s] INFO:colcon.colcon_core.shell:Creating environment hook '/home/rastic-smartcity/ros2_ws/install/examples_rclcpp_minimal_composition/share/examples_rclcpp_minimal_composition/hook/ld_library_path_lib.sh'
[22.071s] Level 1:colcon.colcon_core.environment:checking '/home/rastic-smartcity/ros2_ws/install/examples_rclcpp_minimal_composition/bin'
[22.071s] Level 1:colcon.colcon_core.environment:checking '/home/rastic-smartcity/ros2_ws/install/examples_rclcpp_minimal_composition/lib/pkgconfig/examples_rclcpp_minimal_composition.pc'
[22.071s] Level 1:colcon.colcon_core.environment:checking '/home/rastic-smartcity/ros2_ws/install/examples_rclcpp_minimal_composition/lib/python3.8/site-packages'
[22.072s] Level 1:colcon.colcon_core.environment:checking '/home/rastic-smartcity/ros2_ws/install/examples_rclcpp_minimal_composition/bin'
[22.072s] INFO:colcon.colcon_core.shell:Creating package script '/home/rastic-smartcity/ros2_ws/install/examples_rclcpp_minimal_composition/share/examples_rclcpp_minimal_composition/package.ps1'
[22.073s] INFO:colcon.colcon_core.shell:Creating package descriptor '/home/rastic-smartcity/ros2_ws/install/examples_rclcpp_minimal_composition/share/examples_rclcpp_minimal_composition/package.dsv'
[22.073s] INFO:colcon.colcon_core.shell:Creating package script '/home/rastic-smartcity/ros2_ws/install/examples_rclcpp_minimal_composition/share/examples_rclcpp_minimal_composition/package.sh'
[22.073s] INFO:colcon.colcon_core.shell:Creating package script '/home/rastic-smartcity/ros2_ws/install/examples_rclcpp_minimal_composition/share/examples_rclcpp_minimal_composition/package.bash'
[22.074s] INFO:colcon.colcon_core.shell:Creating package script '/home/rastic-smartcity/ros2_ws/install/examples_rclcpp_minimal_composition/share/examples_rclcpp_minimal_composition/package.zsh'
[22.074s] Level 1:colcon.colcon_core.environment:create_file_with_runtime_dependencies(/home/rastic-smartcity/ros2_ws/install/examples_rclcpp_minimal_composition/share/colcon-core/packages/examples_rclcpp_minimal_composition)
[22.116s] Level 1:colcon.colcon_core.environment:create_environment_scripts_only(examples_rclcpp_minimal_composition)
[22.117s] Level 1:colcon.colcon_core.environment:checking '/home/rastic-smartcity/ros2_ws/install/examples_rclcpp_minimal_composition' for CMake module files
[22.118s] Level 1:colcon.colcon_core.environment:checking '/home/rastic-smartcity/ros2_ws/install/examples_rclcpp_minimal_composition' for CMake config files
[22.119s] Level 1:colcon.colcon_core.shell:create_environment_hook('examples_rclcpp_minimal_composition', 'cmake_prefix_path')
[22.119s] INFO:colcon.colcon_core.shell:Creating environment hook '/home/rastic-smartcity/ros2_ws/install/examples_rclcpp_minimal_composition/share/examples_rclcpp_minimal_composition/hook/cmake_prefix_path.ps1'
[22.121s] INFO:colcon.colcon_core.shell:Creating environment descriptor '/home/rastic-smartcity/ros2_ws/install/examples_rclcpp_minimal_composition/share/examples_rclcpp_minimal_composition/hook/cmake_prefix_path.dsv'
[22.121s] INFO:colcon.colcon_core.shell:Creating environment hook '/home/rastic-smartcity/ros2_ws/install/examples_rclcpp_minimal_composition/share/examples_rclcpp_minimal_composition/hook/cmake_prefix_path.sh'
[22.122s] Level 1:colcon.colcon_core.environment:checking '/home/rastic-smartcity/ros2_ws/install/examples_rclcpp_minimal_composition/lib'
[22.123s] Level 1:colcon.colcon_core.shell:create_environment_hook('examples_rclcpp_minimal_composition', 'ld_library_path_lib')
[22.123s] INFO:colcon.colcon_core.shell:Creating environment hook '/home/rastic-smartcity/ros2_ws/install/examples_rclcpp_minimal_composition/share/examples_rclcpp_minimal_composition/hook/ld_library_path_lib.ps1'
[22.124s] INFO:colcon.colcon_core.shell:Creating environment descriptor '/home/rastic-smartcity/ros2_ws/install/examples_rclcpp_minimal_composition/share/examples_rclcpp_minimal_composition/hook/ld_library_path_lib.dsv'
[22.124s] INFO:colcon.colcon_core.shell:Creating environment hook '/home/rastic-smartcity/ros2_ws/install/examples_rclcpp_minimal_composition/share/examples_rclcpp_minimal_composition/hook/ld_library_path_lib.sh'
[22.125s] Level 1:colcon.colcon_core.environment:checking '/home/rastic-smartcity/ros2_ws/install/examples_rclcpp_minimal_composition/bin'
[22.125s] Level 1:colcon.colcon_core.environment:checking '/home/rastic-smartcity/ros2_ws/install/examples_rclcpp_minimal_composition/lib/pkgconfig/examples_rclcpp_minimal_composition.pc'
[22.126s] Level 1:colcon.colcon_core.environment:checking '/home/rastic-smartcity/ros2_ws/install/examples_rclcpp_minimal_composition/lib/python3.8/site-packages'
[22.126s] Level 1:colcon.colcon_core.environment:checking '/home/rastic-smartcity/ros2_ws/install/examples_rclcpp_minimal_composition/bin'
[22.127s] INFO:colcon.colcon_core.shell:Creating package script '/home/rastic-smartcity/ros2_ws/install/examples_rclcpp_minimal_composition/share/examples_rclcpp_minimal_composition/package.ps1'
[22.128s] INFO:colcon.colcon_core.shell:Creating package descriptor '/home/rastic-smartcity/ros2_ws/install/examples_rclcpp_minimal_composition/share/examples_rclcpp_minimal_composition/package.dsv'
[22.129s] INFO:colcon.colcon_core.shell:Creating package script '/home/rastic-smartcity/ros2_ws/install/examples_rclcpp_minimal_composition/share/examples_rclcpp_minimal_composition/package.sh'
[22.129s] INFO:colcon.colcon_core.shell:Creating package script '/home/rastic-smartcity/ros2_ws/install/examples_rclcpp_minimal_composition/share/examples_rclcpp_minimal_composition/package.bash'
[22.130s] INFO:colcon.colcon_core.shell:Creating package script '/home/rastic-smartcity/ros2_ws/install/examples_rclcpp_minimal_composition/share/examples_rclcpp_minimal_composition/package.zsh'
[22.130s] Level 1:colcon.colcon_core.environment:create_file_with_runtime_dependencies(/home/rastic-smartcity/ros2_ws/install/examples_rclcpp_minimal_composition/share/colcon-core/packages/examples_rclcpp_minimal_composition)
[22.131s] DEBUG:colcon.colcon_parallel_executor.executor.parallel:closing loop
[22.131s] DEBUG:colcon.colcon_parallel_executor.executor.parallel:loop closed
[22.131s] DEBUG:colcon.colcon_parallel_executor.executor.parallel:run_until_complete finished with '0'
[22.131s] DEBUG:colcon.colcon_core.event_reactor:joining thread
[22.142s] INFO:colcon.colcon_core.plugin_system:Skipping extension 'colcon_notification.desktop_notification.terminal_notifier': Not used on non-Darwin systems
[22.142s] INFO:colcon.colcon_core.plugin_system:Skipping extension 'colcon_notification.desktop_notification.win32': Not used on non-Windows systems
[22.142s] INFO:colcon.colcon_notification.desktop_notification:Sending desktop notification using 'notify2'
[22.175s] DEBUG:colcon.colcon_core.event_reactor:joined thread
[22.176s] INFO:colcon.colcon_core.shell:Creating prefix script '/home/rastic-smartcity/ros2_ws/install/local_setup.ps1'
[22.177s] INFO:colcon.colcon_core.shell:Creating prefix util module '/home/rastic-smartcity/ros2_ws/install/_local_setup_util_ps1.py'
[22.180s] INFO:colcon.colcon_core.shell:Creating prefix chain script '/home/rastic-smartcity/ros2_ws/install/setup.ps1'
[22.182s] INFO:colcon.colcon_core.shell:Creating prefix script '/home/rastic-smartcity/ros2_ws/install/local_setup.sh'
[22.184s] INFO:colcon.colcon_core.shell:Creating prefix util module '/home/rastic-smartcity/ros2_ws/install/_local_setup_util_sh.py'
[22.185s] INFO:colcon.colcon_core.shell:Creating prefix chain script '/home/rastic-smartcity/ros2_ws/install/setup.sh'
[22.189s] INFO:colcon.colcon_core.shell:Creating prefix script '/home/rastic-smartcity/ros2_ws/install/local_setup.bash'
[22.191s] INFO:colcon.colcon_core.shell:Creating prefix chain script '/home/rastic-smartcity/ros2_ws/install/setup.bash'
[22.196s] INFO:colcon.colcon_core.shell:Creating prefix script '/home/rastic-smartcity/ros2_ws/install/local_setup.zsh'
[22.197s] INFO:colcon.colcon_core.shell:Creating prefix chain script '/home/rastic-smartcity/ros2_ws/install/setup.zsh'
